first_name,last_name,gender
Onfre,Hatley,M
Shirline,Whiffin,F
Darice,Petracek,F
Puff,Calbreath,M
Clementina,Jurzyk,F
Weidar,Thow,M
Tiffany,Papps,F
Margie,Goering,F
Gram,Need,M
Parsifal,Lokier,M
Isobel,Clue,F
Jessie,Paolino,M
Morlee,Rogge,M
Happy,Giacobo,F
Eduard,Easterfield,M
Siusan,Baxstare,F
Harmonie,Youings,F
Barton,Wyre,M
Dore,Derrell,F
Cammie,Kleuer,F
Avram,Yemm,M
Shelba,Fosh,F
Kayla,Bernardt,F
Arron,Heisham,M
Rodrique,Wedlake,M
Jennie,Nenci,F
Ros,Gagie,F
Jonathon,Flavelle,M
Wendell,Billows,M
Oralla,Dixcee,F
Stephine,Lawey,F
Currie,Gayter,M
Stella,Nanuccioi,F
Gal,Yeaman,M
Isidor,Zealy,M
Pieter,Peet,M
Loy,Abrashkin,M
Dominik,Humbee,M
Querida,Eades,F
Trenton,Jeanenet,M
Anna,Wallege,F
Fons,Riddich,M
Corliss,Tilbrook,F
Skipper,Lambell,M
Adlai,Jantel,M
Niccolo,Shelper,M
Charles,Kelemen,M
Jefferey,Brunroth,M
Arther,Sapshed,M
Lilas,Ray,F
Grantley,Gamett,M
Samuel,Strawbridge,M
Cornie,Blowfelde,M
Gwenette,Paddeley,F
Libbi,Stave,F
Eda,Yakushkin,F
Ramsey,Crang,M
Winifred,Sherbrooke,F
Reube,Danhel,M
Manya,Corstorphine,F
Merna,Abels,F
Bev,Cowdery,M
Willabella,Gergus,F
Nikoletta,Ridewood,F
Theodosia,Rubra,F
Darren,Stirzaker,M
Barde,Eastmead,M
Son,Rickardes,M
Ardelia,de Clerc,F
Olia,Fitzsymons,F
Tonya,Aldrin,F
Pattie,Alsina,M
Peirce,Flatt,M
Lil,Shorbrook,F
Aldwin,Guntrip,M
Hildegaard,Camber,F
Jefferson,Caulton,M
Rubia,Ennion,F
Adoree,Collington,F
Norry,Tomblin,M
Modestine,Lowrie,F
Irwinn,Brudenell,M
Glenda,Coyte,F
Patty,Klein,F
Crosby,Heckle,M
Jan,Falkinder,M
Cris,Slowey,F
Lidia,Naseby,F
Celle,Panther,F
Spence,Escolme,M
Linda,Rival,F
Federico,Grigolli,M
Quentin,Gaiter,F
Amory,Spybey,M
Hyman,Foxten,M
Eleen,Izkovitch,F
Jerrilyn,Shawell,F
Gherardo,Boerderman,M
Garwin,Fitt,M
Katlin,Grayshan,F
Lowe,Meller,M
Kristy,Willowby,F
Dolf,Siward,M
Collette,Rebeiro,F
Freida,Boagey,F
Donelle,Sorton,F
Alberik,Giles,M
Letty,Cuerda,F
Rena,Jeste,F
Benedetta,Linggood,F
Ky,Degue,M
Gordie,Bonevant,M
Ringo,McFaul,M
Leonard,Blumire,M
Skip,Tunstall,M
Sonia,Drakeley,F
Isidore,Clapp,M
Augustus,Francescone,M
Rourke,Vaar,M
Efren,Pringle,M
Amandi,Buckby,F
Colin,Saunt,M
Inesita,Cristobal,F
Dorelle,Blazewicz,F
Iona,Canete,F
Domeniga,Biasi,F
Eddy,Bruckstein,M
Mariel,Bowsher,F
Simon,McVity,M
Philly,Croston,F
Ronnie,Bewsey,F
Mace,Becerra,M
Patric,Olsson,M
Louise,Iacomelli,F
Ceil,Jahns,F
Kenyon,Danford,M
Kylie,Pittock,M
Duky,Fryatt,M
Ronald,Trusler,M
Anthiathia,Sleeman,F
Tamiko,Weber,F
Tybie,Bolles,F
Gardner,Marham,M
Pauly,Mattheeuw,F
Tressa,Eyers,F
Clari,Rossant,F
Rozalie,Busek,F
Timmi,MacDearmid,F
Janna,Benneton,F
Shandy,Vell,F
Witty,Lerhinan,M
Melba,Cosgry,F
Matthiew,Castillo,M
Janaye,Shapira,F
Cesare,Haggish,M
Baryram,Talman,M
Guss,Laurentino,M
Eddy,Sawley,M
Joni,Fahrenbach,F
Duffy,Duesberry,M
Kayley,Chatelot,F
Aylmer,Alvarado,M
Eric,Tesimon,M
Robin,Pownall,F
Penn,Gabites,M
Louisa,Hargie,F
Michaela,Brook,F
Lauretta,Dumingos,F
Demetri,Marchelli,M
Maribel,Bestwall,F
Marijn,Trehearne,M
Alexei,Walliker,M
Janot,Beckensall,F
Sean,Siman,M
Jacquie,Hagart,F
Kinsley,McGall,M
Hillier,Grieves,M
Amalea,Vasnev,F
Sharia,Lacrouts,F
Gale,LAbbet,F
Pebrook,Leppingwell,M
Gracie,Maylam,F
Milzie,Rubinovici,F
Karine,Skoof,F
Ira,Winspurr,F
Gabrila,Glentworth,F
Paulo,Oades,M
Robby,Swithenby,M
Wallache,Casaro,M
Anny,Greenhaugh,F
Leisha,Lindhe,F
Lynn,Wallbank,M
Shermy,Kurton,M
Simonne,Momery,F
Nickie,Woolsey,F
Corilla,De Freitas,F
Merrily,Epine,F
Mohandis,Giorgiutti,M
Zorah,Brasseur,F
Rora,Wardhough,F
Kamillah,Rollingson,F
Parke,Tyrwhitt,M
Malvin,Waldram,M
Catie,Cromleholme,F
Gene,Ewebank,M
Lonni,Dowsett,F
Alyssa,Lambdin,F
Jerrie,Scholey,F
Kate,Rawlence,F
Cale,Masseo,M
Maury,Cunnah,M
Merridie,Asals,F
Essy,Philott,F
Kirsteni,Levet,F
Maryjane,Cancellieri,F
Sharline,Ramsay,F
Ivor,Arthan,M
Lois,Fernant,F
Shurlock,Dawtry,M
Mozes,Scade,M
Ninetta,Ninnotti,F
Guinevere,Diloway,F
Mace,Yurasov,M
Ceciley,Sterndale,F
Mel,Ashplant,M
Townie,Measom,M
Kevina,Etherson,F
Amber,Harcombe,F
Nonah,Bilham,F
Devlin,Danilishin,M
Bronnie,Bezley,M
Jayson,Bogie,M
Mozelle,MacKintosh,F
Johna,Cossell,F
Craggy,Gian,M
Connor,Fieldstone,M
Cornelia,Pitkethly,F
Ramonda,Jaquiss,F
Julie,Paoli,F
Carma,Kefford,F
Margie,Juckes,F
Hamlin,McAneny,M
Babb,Wibberley,F
Brady,Couronne,M
Taber,Braime,M
Ewart,Witty,M
Florinda,Bocock,F
Ginelle,Januszkiewicz,F
Cristina,Broxis,F
Rozalie,Pepall,F
Carlos,Baraja,M
Martie,Rustan,F
Rosella,Cancott,F
Bond,Prinn,M
Aylmar,Benito,M
Portie,Tiery,M
Lionel,Penny,M
Marshall,Marsy,M
Cristiano,McWilliam,M
Bert,McAlindon,M
Claudian,Downton,M
Natalya,Ellingham,F
Aubree,Muttock,F
Linn,Ransbury,M
Emelda,Kull,F
Kevina,Terrazzo,F
Blancha,Lark,F
Mead,Knaggs,M
Dulsea,Robinette,F
Kalindi,Rump,F
Charlotte,Cosins,F
Halsey,Granger,M
Rockie,Mongenot,M
Anabelle,Templeman,F
Erek,Plumer,M
Ula,Schelle,F
Gisella,Crothers,F
Konstantin,Lutwyche,M
Harcourt,Sahnow,M
Osborn,Jacquemard,M
Ann,Battrum,F
Janella,Kynaston,F
Cari,Westbrook,F
Dino,Laban,M
Krystal,Haygreen,F
Gerard,Verralls,M
Willard,Acott,M
Sibeal,Aleksandrikin,F
Nelle,McCuffie,F
Edwina,Rawlingson,F
Gabriel,Friskey,M
Jacquelynn,Cauldfield,F
Rafael,MacNab,M
Danila,Dumbrell,F
Augustus,Kibbey,M
Dorie,Grimsditch,M
Rodger,Lillicrap,M
Greer,McEntagart,F
Nancy,Eggers,F
Yorgo,Diess,M
Darya,Gater,F
Lelia,Wisedale,F
Teriann,Studdeard,F
Lonna,Stolze,F
Roxanna,Austing,F
Aguistin,Yerrell,M
Tomas,Danes,M
Wilek,Officer,M
Jojo,Brittlebank,F
Morlee,Folkerts,M
Hobie,Eates,M
Marianne,Pepye,F
Any,Goscomb,M
Edan,Sego,M
Veronique,Lorek,F
Steffen,Macellar,M
Dottie,Domingues,F
Gianni,Linkin,M
Dulcine,Gallamore,F
Timotheus,Banthorpe,M
Otto,Lecointe,M
Katya,Burghill,F
Manda,Bellward,F
Andree,Gooble,F
Cyrill,MacRierie,M
Earle,Ingarfill,M
Finlay,Spiers,M
Madelina,Lambe,F
Lazaro,Seyler,M
Madelene,Tryme,F
Gerald,Helks,M
Georgetta,Harman,F
Pacorro,Thurley,M
Neysa,Bratt,F
Alberik,Wenban,M
Bathsheba,Somner,F
Pearla,Van Baaren,F
Valaria,Petrussi,F
Eliot,Oates,M
Carina,Ince,F
Friedrich,Strathman,M
Teodoor,Castelletto,M
Elysha,Heffernan,F
Thorndike,Outridge,M
Lizbeth,Keaveney,F
Lauritz,Twine,M
Chrysa,MacNulty,F
Fianna,Furlow,F
Inge,Clowton,F
Florella,Denidge,F
Mavis,Hayter,F
Jason,Boyse,M
Guthry,Mitro,M
Elisabetta,Maccrae,F
Reese,Devey,M
Alleyn,Sweeney,M
Gussie,Ebanks,F
Hasty,Trevna,M
Teddie,Girvan,F
Gallard,Methingam,M
Lombard,Kulver,M
Meredith,Bellenger,F
Amalle,Craghead,F
Gregorius,Guise,M
Tabatha,Ebbetts,F
Neron,Castane,M
Karlens,Gibard,M
Elayne,Scarlon,F
Weider,Dear,M
Olenolin,Sanham,M
Ase,Ryall,M
Zorine,Glander,F
Laurie,Peyro,M
Gustavo,Tresise,M
Luella,Hanretty,F
Barde,Harome,M
Rana,McArtan,F
Dyanna,Wild,F
Hewe,McCahey,M
Dolly,Bussell,F
Aurthur,Morales,M
Alexandr,Jacqueminet,M
Jacobo,Demeter,M
Katlin,Sawden,F
Niven,Batrip,M
Abe,Driscoll,M
Claus,Millins,M
Ula,McLelland,F
Wat,Normandale,M
Julee,Sollitt,F
Inness,Conibere,M
Kelcy,Feldmesser,F
Jimmy,Lamming,M
Angelico,Brucker,M
Mercedes,Jager,F
Lorri,Clowley,F
Rodney,Heis,M
Vanya,Terron,F
Rodie,Hoyland,F
Teddy,Castaneda,M
Aime,Lightbown,F
Ashia,Segges,F
Vinni,Wigglesworth,F
Mile,Ceresa,M
Merrie,Scramage,F
Chancey,Lanfear,M
Hynda,Schall,F
Delphinia,Sporton,F
Jess,Altamirano,M
Erhart,Clemenceau,M
Lyndsie,Jex,F
Rosabel,Read,F
Salome,Benstead,F
Greta,Craddock,F
Christoph,Bestall,M
Gabbie,Kitt,F
Vasilis,D'Alesco,M
Donalt,Brownsworth,M
Ford,O' Clovan,M
Ingelbert,Myrie,M
Diana,MacIlhargy,F
Emily,Elgee,F
Atlante,Mosley,F
Almeta,Tristram,F
Mendie,Goodwin,M
Jorge,Breinlein,M
Tadeo,Pilkington,M
Carney,Theml,M
Shandeigh,Dittson,F
Cole,Flewin,M
Gibby,Duffit,M
Vilma,Rivaland,F
Pate,Le Quesne,M
Kacey,Swendell,F
Zaccaria,Andrusov,M
Fidelity,Mudie,F
Reginald,Bussy,M
Ernie,Berth,M
Orrin,Johanssen,M
Truda,Headington,F
Charin,Rassmann,F
Perceval,Connikie,M
Louisette,Gauld,F
Bendite,Fetteplace,F
Helge,Lynthal,F
Bess,Jirik,F
Ev,Vize,M
Bat,Sayburn,M
Amity,Charrisson,F
Julio,Lerhinan,M
Richmound,Jertz,M
Lethia,Daveridge,F
Catrina,McIlvoray,F
Trever,Evitts,M
Karena,d' Eye,F
Korrie,Spores,F
Gilberta,Ellar,F
Edee,Sirkett,F
Jory,Hyam,M
Sasha,Barbery,F
Thorn,Kindell,M
Angelia,Barbe,F
Shelby,Hynes,F
Kala,Endrighi,F
Josephina,Pechet,F
Courtney,Jizhaki,M
Angelita,Cheak,F
Isabelita,Lorente,F
Celestia,Berston,F
Florian,Pullan,M
Adair,Trengrouse,M
Gasparo,Pemberton,M
Wrennie,Havock,F
Fern,Yielding,F
Janos,Rapps,M
Shelli,Scatcher,F
Dodi,Turfs,F
Faythe,Dance,F
Jack,Northfield,M
Mora,Adamsson,F
Rivalee,Pryell,F
Nonnah,Reasun,F
Vitia,Ranken,F
Dmitri,Float,M
Willyt,Cobbin,F
Constantino,Scrivens,M
Hill,Padson,M
Uta,Santer,F
Eb,Samwayes,M
Merrick,Banbrick,M
Kristal,Hayland,F
Tybie,Yurchishin,F
Phillie,Peasgood,F
Brinna,Guerola,F
Noel,Pettit,F
Evaleen,Follen,F
Alanson,Mullord,M
Claudina,Staff,F
Goran,Tizzard,M
Terencio,Gheeorghie,M
Kendre,Camidge,F
Kevon,Baumadier,M
Donna,Terram,F
Laurent,Dixsee,M
Eva,Wheatcroft,F
Clayborn,Saxon,M
Fidelity,Wraighte,F
Chaunce,Gooms,M
Nikki,Segot,F
Cyrille,Dinesen,M
Annissa,Quemby,F
Ryun,Rable,M
Libbey,Rabat,F
Cahra,Tenniswood,F
Red,Firmin,M
Nerty,Brunel,F
Augustin,Gudeman,M
Errol,Ambrosetti,M
Stephannie,Toffetto,F
Gibbie,Delgardillo,M
Lyndsay,Fibbens,F
Gard,Carmont,M
Kissie,Ligertwood,F
Neron,Gian,M
Noby,Coy,M
Riva,Hagan,F
Dodie,Grunnell,F
Forester,Willan,M
Raviv,Greatbanks,M
Kellen,Ryton,F
Faye,Middup,F
Nikolaus,Rowter,M
Udall,Perche,M
Phillipp,Landsberg,M
Luella,Trunby,F
Roshelle,Dalzell,F
Thornie,Langan,M
Garth,Wallege,M
Chlo,Salaman,F
Elfrieda,Fortune,F
Baily,Yosselevitch,M
Richy,Vanyutin,M
Loy,Riccardi,M
Ruddy,Allewell,M
Mendie,Housley,M
Talyah,Millsap,F
Marven,Risborough,M
Mariejeanne,Pitsall,F
Ad,Rapi,M
Hillier,Burghall,M
Genna,Liveing,F
Marv,Beneyto,M
Alleyn,Sogg,M
Emanuele,Kmicicki,M
Lyndsie,Sowray,F
Bren,Wisbey,M
Casper,Heigho,M
Gibbie,Llewelly,M
Larine,Potebury,F
Matthiew,Bailey,M
Gayle,Wardesworth,F
Alexandr,Edgeller,M
Alfons,O'Halloran,M
Anders,Scimoni,M
Rodolphe,Niblett,M
Johnathon,Vynoll,M
Nicki,Trevena,F
Zonnya,Luton,F
Phillie,Burndred,F
Alfy,Ferminger,F
Daisi,Barth,F
Stewart,Tanman,M
Sully,Vasilov,M
Aloysia,Yellep,F
Meta,Tarver,F
Baron,Booth,M
Evania,Rosendorf,F
Reine,Rosen,F
Anders,Champerlen,M
Bo,Menendez,M
Leontine,Bennedsen,F
Constanta,Giacobbo,F
Clayson,Durward,M
Babita,Cancott,F
Gamaliel,Sirrell,M
Edwin,Antoniades,M
Reynold,Frentz,M
Lolly,Keyson,F
Lodovico,Stockoe,M
Kristan,McKitterick,F
Tedman,Reneke,M
Beatrix,Ricks,F
Ricard,Terbrug,M
Brendon,Raisher,M
Kyle,Di Biagi,F
Barris,Rhoddie,M
Jessie,Scotfurth,F
Averell,Lintill,M
Gabie,Heasly,F
Ellis,McTrustam,M
Dael,Daveridge,F
Cornie,Mastrantone,M
Mirelle,Gulliford,F
Kaleb,Plevey,M
Raff,Bragginton,M
Theressa,Kibbe,F
Hanni,Donaghie,F
Xylia,Jalland,F
Kendre,Dow,F
Alden,Rudgley,M
Brennan,Ellison,M
Artemus,Benasik,M
Jabez,Spinney,M
Eda,Ellams,F
Lance,Appleton,M
Koenraad,Djuricic,M
Tanny,Kwietek,M
Raddie,Bernadzki,M
Clementius,Degli Abbati,M
Aldric,Quilkin,M
Ansell,Kingaby,M
Mahalia,Hunt,F
Loralie,Osgar,F
Thornie,Murrhardt,M
Ryun,Bovingdon,M
Adams,Ceeley,M
Aurelia,Dilnot,F
Jsandye,Shergill,F
Morten,Dahlback,M
Town,Szachniewicz,M
Marianne,Schellig,F
Shara,Bohje,F
Margarette,Trundell,F
Timothea,Skipp,F
Jobye,Stapleton,F
Les,Girardini,M
Bride,Egre,F
Kylie,Darville,M
Jacquelyn,Kaasman,F
Kendrick,Aers,M
Delia,Selwin,F
Lind,Schankel,F
Aurthur,Hutchcraft,M
Helyn,Margaret,F
Herminia,Cupper,F
Valma,Naulty,F
Beltran,Taylot,M
Lucy,MacGillacolm,F
Annemarie,Haville,F
Gavan,Dawidowitz,M
Brier,Micheau,F
Deina,Iorns,F
Jonell,O'Shevlin,F
Marsh,Fanstone,M
Francesca,Lyosik,F
Boote,Brosoli,M
Catha,MacKaig,F
Josh,Moffett,M
Leeanne,Rouse,F
Dougie,Merrington,M
Renae,MacConnell,F
Dev,Gaiford,M
Cris,Bartrum,F
Tony,Sundin,F
Nicoli,Weond,F
Betteanne,Cotherill,F
Langston,O'Mahoney,M
Anneliese,Ingry,F
Rockwell,Bullene,M
Kristin,Stewart,F
Gerrie,Fippe,M
Malanie,Hopfner,F
Friederike,Winders,F
Simone,Rewcastle,M
Tatiania,Juara,F
Rennie,Dunderdale,F
Bird,Nerheny,F
Veriee,Doodson,F
Merci,Goligly,F
Julita,Inkpin,F
Nelle,Bonhome,F
Gregor,Moralas,M
Mordy,Steadman,M
Spenser,O'Griffin,M
Abe,Raspison,M
Shayla,Ryles,F
Angil,Faier,F
Anthe,Wickens,F
Linea,D'Orsay,F
Ivy,Leftridge,F
Keeley,Saiens,F
Benedikt,Biggadike,M
Otes,Goodwill,M
Rafaelita,Yelding,F
Homer,Gurdon,M
Phedra,Le Borgne,F
Findlay,Leehane,M
Joby,Mangon,F
Tymon,Pirson,M
Ardath,Gauch,F
Perl,Roots,F
Ashien,Shearman,F
Nicky,Cheesley,F
Donall,Taillard,M
Carly,Hunter,M
Loraine,Veschambes,F
Korella,Staddom,F
Saxon,Stellin,M
Mozes,Pisco,M
Nertie,Reichelt,F
Darline,Muschette,F
Abdul,Blowin,M
Shaina,Kilgallen,F
Denice,Ellis,F
Vivi,Burle,F
Louisette,Piotr,F
Nicole,Gianolo,F
Von,Myerscough,M
Forster,Kimberley,M
Lenora,Titcumb,F
Jerrilee,Bluschke,F
Saraann,Pavolini,F
Dame,Grand,M
Merna,Sodory,F
Averil,Duham,M
Diena,Lief,F
Martie,Vittore,M
Fritz,Feehely,M
Vina,Howen,F
Helli,Cordingley,F
Rosalinde,Gallichiccio,F
Rolph,Alliban,M
Giuditta,Hickenbottom,F
Randa,Pessler,F
Reinald,Billington,M
Fulton,Alyokhin,M
Dorry,Espinosa,F
Waverley,Cowling,M
Melamie,Poone,F
Zachary,Cowdroy,M
Ebony,Arend,F
Amye,MacCumeskey,F
Una,Wartonby,F
Shea,Cattellion,M
Dun,Rosenkranc,M
Shell,Surcomb,M
Giffie,Shrubsall,M
Michale,Wildish,M
Edward,Bignell,M
Christi,Bleazard,F
Lyle,Solesbury,M
Luce,Hardi,F
Essy,Townshend,F
Mahmoud,Brislane,M
Lily,Knight,F
Carmine,Basile,M
Felicdad,Rogers,F
Woodrow,O'Halligan,M
Brose,O'Callaghan,M
Fonz,Paddell,M
George,Nolli,M
Lynde,Tailby,F
Leodora,Ducarne,F
Elisha,Purcer,F
Darren,Facher,M
Tillie,Peeke,F
Justinian,Sussans,M
Glory,Gounard,F
Rolando,Korejs,M
Staford,Dartan,M
Kristofor,Shillom,M
Frazier,Danher,M
Wiley,Duffill,M
Kris,Heggadon,M
Zarla,Johansson,F
Ben,Mathevon,M
Norris,Cordaroy,M
Kaiser,Rowcastle,M
Tammie,Summerfield,M
Coletta,Haggata,F
Bill,Trytsman,F
Charo,Going,F
Blayne,Ledger,M
Shanie,Pirouet,F
Marline,Sheer,F
Beverlie,Fudger,F
Ted,Petroff,M
Mona,Sinclaire,F
Connie,Kleinhaus,M
Trace,Olliver,M
Eustacia,Dumper,F
Hashim,Osmond,M
Karlyn,Watkiss,F
Udale,Faint,M
Jerald,Keaton,M
Karlotte,Macallam,F
Effie,Reynold,F
Renaud,Boddymead,M
Constantine,Preskett,M
Chastity,Cramphorn,F
Reina,Helbeck,F
Giavani,Robrow,M
Stephanus,Pracy,M
Adelaida,Berick,F
Durand,Radenhurst,M
Brad,Dandie,M
Clim,Lightbowne,M
Inness,Pietzker,M
Mikel,Mulbery,M
Ruby,Alibone,F
Massimiliano,Alexis,M
Filberte,Chessil,M
Poppy,Trinbey,F
Phil,Hofton,M
Vina,Pammenter,F
Lonnie,Riba,F
Abagael,Hazlegrove,F
Jefferson,Ackerman,M
Durward,Bonin,M
Bea,Jeanel,F
Andee,Gilcriest,F
Hobey,Bare,M
Torrin,Buncher,M
Pattin,Kighly,M
Kennan,Rubroe,M
Gale,Silson,F
Tersina,Burth,F
Charleen,Fusco,F
Theodor,Mawby,M
Aile,Skein,F
Chris,Hallawell,M
Zacharia,Greenham,M
Frayda,Batecok,F
Yehudi,Ridges,M
Cissy,Miko,F
Jewel,Doerffer,F
Ethelyn,Belhomme,F
Aeriell,Petasch,F
Costanza,Levicount,F
Henry,Tebb,M
Kevon,Sapauton,M
Jeannette,Piggins,F
Erminie,Fruin,F
Humfrey,Roumier,M
Colette,Jados,F
Maire,Lippini,F
Felic,Lumley,M
Barnabe,Filipczynski,M
Simmonds,Shakespear,M
Aurthur,Gromley,M
Jameson,Pelz,M
Shirl,Hampton,F
Carleton,Vitet,M
Tonia,Sustin,F
Boyce,Du Plantier,M
Josey,Schnieder,F
Marianna,Thake,F
Jesse,De L'Isle,M
Tish,Izkovitch,F
Nana,McGeneay,F
Rozina,Girardy,F
Swen,Ashbridge,M
Brian,Sappell,M
Jeanine,Sketh,F
Collen,Novacek,F
Jeri,Nolot,F
Dorothee,Stoop,F
Abbey,Spours,M
Tito,Sayce,M
Raynell,Venn,F
Mohandis,Lindsell,M
Tana,McCory,F
Town,Yacobsohn,M
Kory,Stockau,M
Lyle,McNess,M
Urbanus,Londesborough,M
Olva,Sexstone,F
Josee,Newcome,F
Morie,Vallintine,M
Jude,Lewnden,M
Vito,Andor,M
Sidney,Lawtie,M
Matty,Paolinelli,F
Gustavus,Tollmache,M
Jobina,Castletine,F
Lexie,Hammerberger,F
Vonny,Bratty,F
Chic,Awdry,M
Alaric,Bertelmot,M
Vanni,Gault,F
Connor,Oldcroft,M
Sebastiano,Edgley,M
Vania,Beetham,F
Katalin,Loach,F
Dominga,Aherne,F
Mei,Jeffels,F
Sheffy,Colquhoun,M
Kaspar,Boddy,M
Lorena,Galletley,F
Katina,Charrington,F
Shellysheldon,Merali,M
Gizela,Attersoll,F
Cly,Greystoke,M
Elliot,Pointing,M
Horten,Cummine,M
Ody,Priddis,M
Rebekkah,Herkess,F
Jacinta,Oxbe,F
Isadora,Kersey,F
Kingsley,Kopps,M
Janette,Okey,F
Bonnee,Zanutti,F
Bertie,Stanger,M
Shep,Everard,M
Clemente,Bonsale,M
Tanner,Stubbley,M
Wilburt,Willingham,M
Devinne,Cardenas,F
Lothario,Khristoforov,M
Tina,Meighan,F
Vladamir,Reade,M
Ladonna,Tolliday,F
Thurston,Cradey,M
Goldy,Jaulmes,F
Kaylil,Hurtado,F
Nessy,Hazael,F
Zea,Quarterman,F
Warde,Lynas,M
Kelwin,Feehily,M
Gratia,Gammack,F
Godart,Topley,M
Levy,Simoes,M
Rawley,Prattin,M
Darcy,Rogliero,M
Teddie,Atkinson,F
Keen,Kitney,M
Atalanta,Creak,F
Clari,Emes,F
Deeann,Liell,F
Stephana,Cull,F
Sonny,Mangeney,F
Charis,Bortol,F
Olly,Hagan,M
Deane,Josephy,M
Augusto,Hucquart,M
Mil,Huyge,F
Beilul,Beards,F
Alvera,Normaville,F
Milka,Shutt,F
Ulrica,Learmount,F
Crichton,Gravet,M
Jobi,Barnwall,F
Gennie,Bartolacci,F
Rhea,Sine,F
Farrel,Cathel,M
Adelbert,Docker,M
Lancelot,Gourlay,M
Orton,Oldham,M
Flory,Greengrass,M
Hamil,Colyer,M
Malchy,Chesher,M
Gan,Crosdill,M
Tildie,McIllroy,F
Asa,Reye,M
Karia,Ellesworthe,F
Jamie,Brastead,M
Kathy,Barritt,F
Irwin,Liger,M
Shanta,Block,F
Amelie,Hampshaw,F
Pooh,Mugford,M
Alana,Dominico,F
Miguel,Trematick,M
Clare,Sparks,F
Frasquito,Chalfant,M
Charla,Butterworth,F
Tome,Stebbings,M
Yelena,Ogborn,F
Sarajane,Kenway,F
Kimberley,Redsall,F
Bailey,Southby,M
Milissent,Toomer,F
Arlen,Thames,M
Efren,Lambdon,M
Greta,Lattos,F
Claudelle,Matoshin,F
Rey,Janca,F
Amitie,Grimm,F
Bartholemy,MacScherie,M
Myrle,Darmody,F
Eliot,Moncaster,M
Tiler,Dubock,M
Rivkah,Rieger,F
Dewitt,Yerill,M
Louisette,Rehorek,F
Teri,Trude,F
Remington,Thalmann,M
Gustavus,Morstatt,M
Sigismundo,Wixey,M
Rodrique,Voelker,M
Read,Gibling,M
Ursa,Havard,F
Sheffie,Andreia,M
Mort,Dadd,M
El,Akast,M
Caesar,Cattermull,M
Niels,Ferrarini,M
Thorsten,Satyford,M
Burlie,Hadlee,M
Sandy,Lingley,M
Stephan,Stileman,M
Myrtice,Adran,F
Traver,Greste,M
Charmian,Thaxton,F
Shannon,Whittlesey,M
Blanca,Novik,F
Michaela,Jewett,F
Fidole,Dobie,M
Faber,Oliveras,M
Eduardo,Ambrogi,M
Kleon,Hindenburg,M
Brice,Lemary,M
Trace,Joderli,M
Hill,Garrity,M
Brit,Newbury,M
Alonzo,Stoggell,M
Gabe,Allso,M
Adams,Guite,M
Linnea,Chritchley,F
Prentice,Terrill,M
Mariele,Anglim,F
Tarra,Blacklock,F
Brittani,Savaage,F
Doe,Dusting,F
Gizela,Ferencowicz,F
Megan,Beeckx,F
Dorelle,Gretton,F
Maurice,Gaythor,M
Wiley,Bloan,M
Thibaud,Jobin,M
Murdock,Johananov,M
Portia,Philipps,F
Darn,Gerring,M
Artur,Ritzman,M
Karlyn,Loveridge,F
Amandie,Bosley,F
Susette,Bolles,F
Quincey,Freezor,M
Chicky,Lax,M
Daloris,Penniell,F
Stanwood,Tremmil,M
Emilie,Karys,F
Eliot,Edelston,M
Rowena,McRobbie,F
Ilaire,Wisker,M
Laura,Sacher,F
Freida,Loddon,F
Algernon,Readmire,M
Fabiano,Cometti,M
Zelda,Kinnear,F
Joelynn,Sommer,F
Kimmi,Withers,F
Stavros,Klimsch,M
Jenifer,Palfery,F
Joelynn,Valasek,F
Chrystal,Iskower,F
Othilie,Farlamb,F
Creight,McKim,M
Reuben,Caghan,M
Kathryne,Jenne,F
Melitta,Oxford,F
Gayleen,Coggell,F
Yule,McCluin,M
Jaine,Finey,F
Shepherd,Laweles,M
Krysta,Andrioni,F
Rustin,Silby,M
Hallie,Klaffs,F
Sherry,Mayhead,F
Ardelis,Buesden,F
Sherie,Goggen,F
Wolfie,Temprell,M
Brnaby,Eakly,M
Reinald,Lambertini,M
Leontyne,Gurrado,F
Janenna,Gration,F
Jill,Benedick,F
Haslett,Megany,M
Erasmus,Watson,M
Ewen,Martensen,M
Kara,Velde,F
Linell,Earwicker,F
Rachael,Favey,F
Bobbye,Dowty,F
Erminie,Dell Casa,F
Giovanni,Ellcock,M
Tedmund,Prahl,M
Tyler,Pohls,M
Dasya,Ferier,F
Orsola,Pashe,F
Humfried,Van Dale,M
Herby,Currier,M
Stefa,Torry,F
Desirae,Topping,F
Tracy,Kondrachenko,F
Richmond,Scriviner,M
Roland,Hanbury,M
Delilah,MacGall,F
Parke,Macura,M
Findley,Huddlestone,M
Alvira,Capstaff,F
Alon,MacCaughen,M
Papagena,Meddings,F
Luke,Remmer,M
Jelene,MacCaig,F
Jordana,Foggarty,F
Packston,Frudd,M
Regan,Cornbill,F
Silvia,Aldhous,F
Emelina,Meins,F
Cam,Bladon,F
Bobbi,Tathacott,F
Rina,Beadon,F
Ari,Liles,M
Gerta,Keeling,F
Lesley,Golder,F
Nataline,Giacobilio,F
Darnell,Gorner,M
Jo ann,Aidler,F
Levin,Lascelles,M
Derick,Betke,M
Emylee,Sarfati,F
Perren,Keach,M
Elwyn,Jupp,M
Nico,Dragge,M
Lonnie,Pottell,M
Dalenna,Siviour,F
Edd,Trematick,M
Winny,Steanyng,M
Karena,Riddiough,F
Maire,Klezmski,F
Wilton,Cruwys,M
Stefania,Karolczyk,F
Deanna,Bearman,F
Inna,Wedgwood,F
Reggy,Deville,M
Arly,Boniface,F
Ravid,Patria,M
Fair,Downage,M
Gloriane,Nelles,F
Lucius,Pharrow,M
Gale,Shorte,M
Patton,Babinski,M
Vinny,Raun,M
Saidee,Giamuzzo,F
Juliana,Carmel,F
Katerina,Cheyney,F
Lovell,May,M
Alard,Goodacre,M
Ned,Eyles,M
Melanie,Myott,F
Vida,Tetther,F
Reynolds,Mariette,M
Holden,MacColgan,M
Marcia,Turpin,F
Dorthy,Bunford,F
Patrica,Attack,F
Millie,Dance,F
Drucie,Spitell,F
Franky,Jellybrand,M
Rozelle,Huckett,F
Vinni,Jedrych,F
Hermie,Dron,M
Whitney,McCarroll,M
Fax,Brownell,M
Bertram,Kirkness,M
Clovis,Coupland,F
Bink,Troup,M
Fulton,Comelli,M
Augustus,Edmans,M
Noel,Doumic,M
Tisha,Maharey,F
Isabeau,Pocknell,F
Jamison,Vasilik,M
Bendick,Otterwell,M
Joel,Musicka,M
Carmita,Thridgould,F
Pascal,Casoni,M
Sylas,Wogan,M
Lyle,Hankins,M
Albertine,Milhench,F
Audy,Hrus,F
Veriee,Ennever,F
Wenonah,Conningham,F
Eamon,Hefforde,M
Brandais,Allin,F
Ricki,Mallabon,F
Dillie,Maureen,M
Marice,Lindblad,F
Nyssa,Harmer,F
Aarika,Doreward,F
Josepha,Chiverton,F
Brendin,Dollin,M
Findlay,Chatenier,M
Clerkclaude,Masser,M
Edna,Blatherwick,F
Waldemar,Latore,M
Ruthie,Impy,F
Carly,Swetman,F
Ford,Matignon,M
Paulie,Plett,M
Paola,Lewnden,F
Roseline,Danat,F
Valentia,Ollier,F
Jon,Oiseau,M
Obadiah,Bartholomew,M
Cyndie,Clowser,F
Forrester,Onele,M
Beverie,Maile,F
Allene,Thurnham,F
Sibley,Gwinnell,F
Carlin,Gresham,M
Emeline,Gartenfeld,F
Kliment,Brickstock,M
Judye,Dobrovolski,F
Bartholomeus,Crossby,M
Konstance,Atlee,F
Gregoor,Hale,M
Clayborn,Allwell,M
Hillary,Hyndman,F
Kendal,Calender,M
Kristal,Devas,F
Adiana,Mar,F
Claudette,McAirt,F
Deck,Barbery,M
Ainslee,DelaField,F
Renell,McIlhatton,F
Aleece,Garvey,F
Rafaello,Neylan,M
Terza,Selburn,F
Lanita,Orehead,F
Vince,Canty,M
Olia,Santus,F
Lenka,Levene,F
Esme,Ben,F
Lane,Scholte,M
Klarika,Ebanks,F
Venita,Brugden,F
Danie,Jirusek,M
Lyssa,Drummond,F
Brianne,Baltrushaitis,F
Drucy,Otter,F
Tye,Rathe,M
Ronnica,Gavaghan,F
Bobina,Bradly,F
Peggi,De Robertis,F
Tersina,Papworth,F
Gerhard,Millyard,M
Kimberly,Blewmen,F
Cindy,Golborne,F
Joy,Trathan,F
Jeremiah,Penk,M
Holmes,O'Leary,M
Belvia,Whitemarsh,F
Rufus,Alyukin,M
Fidelia,Marconi,F
Lyndell,Plessing,F
Wylma,Whittles,F
Kayle,Thoresby,F
Sabina,Housen,F
Corri,Hamprecht,F
Sybilla,Charrisson,F
Ignatius,Elvy,M
Darya,Garrit,F
Juanita,Tomkin,F
Roch,Robertson,F
Birgitta,Beneix,F
Therine,Padson,F
Sascha,Colum,F
Percival,Emanuele,M
Dorise,Pawlik,F
Noll,Castanone,M
Aluino,Whitty,M
Syd,Clemot,M
Cad,Birt,M
Caitrin,Curnick,F
Adiana,Saddington,F
Deerdre,Anthoin,F
Cynthea,Parriss,F
Trisha,Albone,F
Hewie,Pietasch,M
Chrisse,Redsull,M
Babs,Davidovits,F
Sheffie,Tolliday,M
Haywood,Doud,M
Tabbie,Abrahamian,M
Zeb,Stokey,M
Brandie,Gladtbach,F
Nannie,Tures,F
Blanche,Issacoff,F
Loralie,Dunkirk,F
Mirabelle,Trigg,F
Josy,Pabelik,F
Jori,Pollicote,F
Burlie,Rickertsen,M
Freddie,Overbury,M
Edy,Itscowicz,F
Alvin,Stoakley,M
Frazer,Negal,M
Berthe,Primrose,F
Yettie,Courson,F
Bendix,Pawel,M
Christabel,Harragin,F
Michaelina,Patterfield,F
Martino,Carnelley,M
Earl,Baudou,M
Brewster,MacCarter,M
Normie,Peasey,M
Ransell,Welchman,M
Fleming,Totman,M
Alley,Saggs,M
Christoper,Domelow,M
Toiboid,Reese,M
Hurleigh,Kaaskooper,M
Elysia,Segoe,F
Ron,Winny,M
Juana,Ackenhead,F
Bogart,Shade,M
Armand,Courtes,M
Obidiah,Alf,M
Paxon,Kochs,M
Homere,Leeburne,M
Aleda,Di Franceshci,F
Stavros,Villa,M
Stanwood,Yelyashev,M
Shannah,Clardge,F
Carolina,Pegden,F
Moore,McClaurie,M
Katinka,Iddison,F
Nickie,Cassin,F
Sib,Eyer,F
Tod,Maes,M
Tynan,Bovey,M
Elinore,Orrow,F
Katuscha,L'argent,F
Jeniece,Reason,F
Caesar,Aers,M
Pebrook,Rowlands,M
Bevin,Raatz,M
Reginald,Hainge,M
Dredi,Flegg,F
Zea,Izod,F
Shelley,Toothill,F
Theodora,Maior,F
Clarice,Fairlaw,F
Stearn,Satterfitt,M
Christen,Voller,F
Job,Dancer,M
Toddy,Mathon,M
Lane,Casely,M
Aubert,Gavozzi,M
Guilbert,Merington,M
Nolana,Rosel,F
Davon,Wogdon,M
Cleveland,Fawdry,M
Kara,Farmloe,F
Spenser,Gercken,M
Jeff,Dennant,M
Aubert,Wenderott,M
Ronny,Carreck,F
Cece,Itzak,M
Tyrus,Franchyonok,M
Amabelle,Chessell,F
Jessalin,Robson,F
Benjy,Mortimer,M
Melvin,Plume,M
Gay,Corona,M
Helenelizabeth,Payley,F
Shellysheldon,Wilcinskis,M
Modesty,Thresh,F
Lianne,Leys,F
Armand,Frift,M
Angelita,Reinhardt,F
Mella,Hewins,F
Daniela,Espino,F
Alric,Buff,M
Chilton,Pierucci,M
Charis,Brafield,F
Callida,Wonham,F
Cosme,Mayor,M
Angelika,Rattery,F
Eveleen,Majury,F
Susanna,Defau,F
Georgeanne,Collingham,F
Giraud,Lindstedt,M
Martica,Dorkens,F
Eugenio,Mulleary,M
Kristel,De Coursey,F
Elva,Funnell,F
Nickolas,Restall,M
Opalina,Wilsdon,F
Matthieu,Mac Geaney,M
Stephen,Steggles,M
Jessi,Gilardi,F
Danyelle,Gaythorpe,F
Kat,Emett,F
Sheffy,Pavolillo,M
Celestyna,Hebdon,F
Amandie,Miles,F
Zachary,Drinkwater,M
Courtnay,Busson,F
Merrick,Leeder,M
Bryant,Gooddie,M
Lorilyn,Tarbatt,F
Hali,Burkin,F
Cherie,Rosenau,F
Axel,Toffts,M
Gideon,Mattiazzo,M
Simona,Oppy,F
Vivia,Cogzell,F
Cayla,Paternoster,F
Bourke,Johnes,M
Essie,Clowsley,F
Jamie,Avrahamian,F
Kari,Baynam,F
Alonso,Pawlicki,M
Frederick,Adin,M
Leighton,Lighten,M
Dosi,Jubert,F
Reinaldo,McLagain,M
Clarisse,Small,F
Tony,Goodwill,M
Bard,Christoffels,M
Cello,Lamprey,M
Jorey,Fulger,F
Jillie,Vonasek,F
Elysha,Doull,F
Ebony,Buckles,F
Gayle,Brunnstein,F
Archy,Bucksey,M
Silvan,Dorwood,M
Penny,Tree,F
Dimitri,Tomsu,M
Barrett,Tricker,M
Ethelind,Neachell,F
Mirabel,Vowden,F
Coral,D'eath,F
Aldridge,Wadge,M
Armin,Kerins,M
Fidel,Pibworth,M
Charmain,McGonigle,F
De witt,Groucock,M
Andras,Huish,M
Brena,Andersson,F
Ira,Marlowe,F
Marietta,Noor,F
Prudence,Hubball,F
Kristos,Chatband,M
Pietra,MacCosto,F
Hedwiga,Yerson,F
Allyn,Rosewarne,M
Rivi,Walburn,F
Nolana,Skipp,F
Rosemary,Ferrillio,F
Kimberlyn,Meineking,F
Hank,Alliband,M
Cirillo,Masselin,M
Harlen,Clist,M
Guy,Kinder,M
Wallache,Ackland,M
Neala,Lukes,F
Selena,Downgate,F
Simone,Borsay,F
Jeanine,Avey,F
Teodoor,Taveriner,M
Minda,Stanhope,F
Fee,Pedroni,M
Mada,Doddemeede,F
Kevyn,Aylin,F
Benetta,Girvin,F
Yvon,Ferne,M
Maryann,McElmurray,F
Dean,McShane,M
Xaviera,Carff,F
Jerrilee,Sima,F
Thomasina,Jillions,F
Hart,Oats,M
Liliane,Costell,F
Towny,Moyser,M
Maribel,Axel,F
Creighton,Hammon,M
Shelli,Jecks,F
Amelie,Puttan,F
Monika,Carde,F
Mario,Martinovsky,M
Jock,Hadden,M
Yul,Cattell,M
Fields,Vinecombe,M
Doti,Merdew,F
Meyer,Dunnan,M
Ianthe,Alpine,F
Deonne,Hawkett,F
Mac,Lemme,M
Marcia,Walmsley,F
Caressa,Sisley,F
Truman,McGawn,M
Jess,Dorwood,M
Charmane,Northley,F
Gabie,Halward,M
Vonnie,Dumbar,F
Patrick,Brezlaw,M
Felike,Kiltie,M
Winn,Tolland,M
Melisenda,Clues,F
Carny,Landre,M
Gasparo,Rickerd,M
Grover,Kennifeck,M
Norrie,Bostick,M
Allayne,Fealty,M
Jdavie,Smaling,M
Darell,Buckeridge,F
Erhard,Sprules,M
Helli,Gedling,F
Sargent,Ducroe,M
Cahra,Wastling,F
Angelica,Pasticznyk,F
Phaedra,Cheasman,F
Kienan,Felder,M
Gabbi,Peer,F
Hamlen,Guyot,M
Evey,Arnefield,F
Miguel,Garrigan,M
Shadow,Oakeshott,M
Tom,Paris,M
Francesco,McCafferky,M
Pierce,Gimlet,M
Katuscha,Fenge,F
Jeane,Minihan,F
Raimund,Soaper,M
Albertina,Page,F
Lynna,Comi,F
Gawain,Nerger,M
Michaeline,Simonitto,F
Hansiain,Peniello,M
Kendall,Caser,M
Levi,Roycroft,M
Henrietta,Arthey,F
Happy,Gussie,F
Felisha,Hughland,F
Adella,Wynrehame,F
Lesley,Renn,M
Armando,Threader,M
Konstance,Noe,F
Feliks,Baulch,M
Willard,Bernier,M
Goober,Schwand,M
Mischa,Hillitt,M
Rochell,Tiddy,F
Mag,Goodsal,F
Adolph,Juszkiewicz,M
Adams,Tommasuzzi,M
Huntlee,McNiven,M
Isaiah,Latehouse,M
Tulley,Instock,M
Marven,Pell,M
Rhett,Koles,M
Reggi,Cumberlidge,F
Mae,Popplewell,F
Skye,Swayte,M
Corella,Willcot,F
Ingrid,Reiners,F
Susanetta,Tyrrell,F
Lamont,Kupis,M
Jacky,Redmore,M
Teodor,Brennon,M
Elladine,Stratton,F
Phillipp,Yitzhok,M
Sigfried,Dibsdale,M
Rutter,St Ledger,M
Kahlil,Ebbage,M
Forrester,Cornborough,M
Etan,Annatt,M
Alden,Szwarc,M
Rudolfo,Kingswood,M
Cass,Alpe,F
Johnath,Frankcom,F
Halsy,Bairnsfather,M
Blaine,Antonazzi,M
Leroy,Sighart,M
Culley,Flaunders,M
Boigie,Peake,M
Hervey,Laurant,M
Roi,Probat,M
Marin,Fawbert,F
Petunia,Bampkin,F
Jerrilee,Knudsen,F
Morgana,Wynes,F
Judah,Dimmock,M
Jarred,Blackboro,M
Anabella,Morecomb,F
Adelina,Janc,F
Debi,Malzard,F
Felicio,Hasard,M
Terrye,Byham,F
Fonz,O'Looney,M
Filide,Callicott,F
Hilary,Clayson,F
Ardene,Mintrim,F
Torr,Towle,M
Morgan,Harken,M
Luis,Vassel,M
Robina,Oscroft,F
Lily,Tillett,F
Orelia,Case,F
Domini,Cutriss,F
Kelley,Veall,M
Onida,Fenelon,F
Shurlock,Isakowicz,M
Murray,Lassell,M
Katerine,Basnall,F
Hugibert,Belding,M
Edithe,Dunster,F
Sonja,Mandrey,F
Goddart,Purvess,M
Jeanelle,Gerred,F
Vivien,Brunetti,F
Patricio,Sherr,M
Vittoria,Malek,F
Jany,Spikeings,F
Carrie,Burland,F
Mathe,McCreedy,M
Cos,Janaszkiewicz,M
Janos,MacGebenay,M
Petra,Raiment,F
Justin,Bartholomieu,M
Decca,Guinane,M
Marna,Bemwell,F
Frances,Hinks,F
Dario,Bezley,M
Sidnee,Buney,M
Lenette,Cluett,F
Powell,Reuther,M
Desmund,Siaspinski,M
Doro,Banister,F
Perry,Verralls,M
Aarika,Rickardes,F
Kali,Yggo,F
Amargo,Hunday,F
Hartley,Plumstead,M
Ripley,Lyes,M
Dulce,Tankin,F
Josephina,Hallick,F
Lizzie,Omand,F
Ado,Lattimore,M
Iain,Ditt,M
Janaya,Leadbeatter,F
Lidia,Impett,F
Zak,Sottell,M
Lucia,Crippell,F
Dael,Dubble,M
Hedda,Hainey`,F
Rosalia,Acreman,F
Florida,Pomfret,F
Kristofer,Tomes,M
Merrel,Urvoy,M
Jerrilyn,Dopson,F
Adelice,De Moreno,F
Brittaney,Rabidge,F
Julie,Ravillas,M
Quintana,Mascall,F
Red,Robinson,M
Corabelle,Withams,F
Barrie,Poundsford,M
Alfredo,Raecroft,M
Leilah,Stainson,F
Virginie,Fick,F
Bailey,Swaden,M
Benetta,Waliszek,F
Frederico,Andell,M
Perren,Hairon,M
Pen,Blundan,F
Katina,Blare,F
Bentley,Hew,M
Merralee,Cestard,F
Henri,Kitteringham,M
Karola,Haslin,F
Skipp,Soule,M
Guendolen,Haslin,F
Layton,Mielnik,M
Jere,Cannicott,M
Crissie,Forestall,F
Levi,Kersey,M
Merissa,Herion,F
Prent,Wessel,M
Roxie,Powdrell,F
Earvin,Clawsley,M
Rozalie,Du Fray,F
Griswold,Hasel,M
Wayne,Silverman,M
Bernette,McKevitt,F
Ansell,Fairlam,M
Egan,Ganing,M
Kaitlynn,Elliff,F
Caitrin,Brehault,F
Paulina,Deane,F
Ginger,Cressor,M
Phylys,Crockett,F
Marylou,Lanchester,F
Agneta,Benfell,F
Lottie,Lampens,F
Carlin,Ellcome,M
Rona,Giamitti,F
Margy,Debill,F
Geralda,Muston,F
Ephrem,Acome,M
Blair,MacVean,F
Edward,Morsley,M
Paige,McGurk,F
Felike,Buxam,M
Lelia,Jozefczak,F
Arnold,Punton,M
Olav,Patershall,M
Corissa,Timmens,F
Ingra,Guinane,M
Sherwynd,Aslott,M
Boothe,Baroch,M
Ogdan,Ionnidis,M
Grover,Johncey,M
Lonnie,Chesshyre,F
Tate,Taunton,F
Winfield,Hanhart,M
Adriana,Climer,F
Rad,Briffett,M
Obie,Bodiam,M
Dalenna,Grzeszczyk,F
Candis,Gamon,F
Barbey,Redwall,F
Elisabeth,Crosetto,F
Vincents,Prosh,M
Dagmar,Himpson,F
Truman,Lambird,M
Joseito,Kolakowski,M
Dierdre,McDougle,F
Solly,Kuhnhardt,M
Vonni,Tebbs,F
Sela,Wilstead,F
Craggy,Pattlel,M
Eve,Pentecost,F
Fabian,Masarrat,M
Shirleen,Kydd,F
Ines,Meugens,F
Flo,Hune,F
Kristos,Cecchi,M
Kelley,Ralphs,M
Joanne,Norris,F
Angele,Mara,F
Lonnie,Stegers,F
Andi,Tatem,F
Kilian,Lonsbrough,M
Berthe,Treske,F
Kipper,Alban,M
Daryl,Banat,F
Nester,Blumire,M
Eziechiele,Briscoe,M
Josi,Haime,F
Bunny,Brislen,F
Garry,Heckle,M
Sandye,Tourle,F
Major,Eicke,M
Gifford,Myring,M
Stormi,Weale,F
Reece,Acklands,M
Armando,Lacelett,M
Basil,Paulucci,M
Lavina,Leopard,F
Chaunce,Sidsaff,M
Fernande,Mafham,F
Tabby,Longstreet,M
Axel,Boyat,M
Vlad,Christophersen,M
Gayleen,Featherston,F
Tallia,Lucio,F
Wood,Piers,M
Morlee,Souster,M
Susanne,Slot,F
Lonee,Angerstein,F
Son,Holdworth,M
Tudor,Daines,M
Ambrosio,Giacaponi,M
Clarette,Aumerle,F
Earle,Iozefovich,M
Jolynn,Mandrake,F
Augie,Fiddyment,M
Adelina,Nund,F
Kinny,Ferras,M
Paquito,Peskin,M
Chico,Kirsche,M
Emanuele,Stienton,M
Rosalinde,Chalker,F
Josi,Schulken,F
Pippo,Yaneev,M
Ame,O'Moylane,F
Sanders,Brighouse,M
Zenia,Brood,F
Noland,Espinal,M
Jillie,Hotchkin,F
Kathi,Itzcovich,F
Anderea,Huntington,F
Tadio,Issacoff,M
Locke,Dow,M
Martainn,Agney,M
Karly,Calway,F
Buck,Lundy,M
Seana,Mellows,F
Sallie,Morrell,F
Deni,Maypowder,F
John,Stukings,M
Alberik,Dearsley,M
Bridie,Hows,F
Nil,Athey,M
Curtice,Gantzer,M
Isidora,Davidou,F
Betty,Gately,F
Cherrita,Gilchrest,F
Tamqrah,Eddie,F
Eliot,O' Borne,M
Tarah,Winton,F
Albina,Ceschini,F
Peta,Martel,F
Udall,Tilliard,M
Lenee,Grinaway,F
Jervis,McGraith,M
Trescha,Ruperto,F
Gerick,Ceaplen,M
Elwin,McCree,M
Lyda,Sandels,F
Laure,Allflatt,F
Dareen,Dikelin,F
Pat,Hadcock,F
Angeline,Woolveridge,F
Neddy,Bloore,M
Lucine,Hutable,F
Dorita,Hatliffe,F
Marisa,Buff,F
Alejandra,Muglestone,F
Alfy,Woehler,F
Jory,Fronks,M
Renata,Bockmann,F
Holden,Caldeyroux,M
Deni,Bellam,F
Jemie,Noyes,F
Debi,Lupson,F
Aubrey,Bertolaccini,M
Jordon,Peizer,M
Shelly,Dobbinson,F
Jacqueline,Duffet,F
Keeley,Kenwell,F
Ram,Hearle,M
Brose,Naisey,M
Kimball,Mityushkin,M
Aurel,Goublier,F
Linoel,Mackinder,M
Johannes,Abrahmer,M
Chanda,Guitonneau,F
Kimberley,Cutriss,F
Garry,Urey,M
Tremain,Padrick,M
Delmor,Bodycomb,M
Mirabella,Antonoczyk,F
Melloney,Butchard,F
Sutherland,Rampage,M
Elyse,Gingles,F
Perren,Widmoor,M
Elysia,Holton,F
Cherish,Stimpson,F
Barbabra,Twinbourne,F
Jake,Streeter,M
Minni,Stille,F
Orella,Ride,F
Enrichetta,Graundisson,F
Jedediah,Janney,M
Clyve,Wilce,M
Lena,Stepto,F
Debor,Forster,F
Forrester,Dearman,M
Idalia,Stendall,F
Dianemarie,Ravel,F
Lou,Van der Velden,F
Pooh,Monard,F
Rolf,Mucklow,M
Sharai,Quinby,F
Marigold,Bartunek,F
Wallache,Casiero,M
Nicola,Kellitt,M
Gussie,Brockie,F
Ara,Tedder,M
Berkley,Lambkin,M
Karie,Tabram,F
Janeva,Milmo,F
Caralie,Bogart,F
Lefty,Vescovini,M
Christian,Dales,F
Barnard,Cabrera,M
Emmalynn,Bloggett,F
Lonny,Plaice,M
Jasper,McArthur,M
Phebe,Mattedi,F
Thurston,Meni,M
Ulberto,Flukes,M
Hermann,Eusden,M
Carleton,Chadburn,M
Lyssa,Barnewell,F
Tiffi,Ledbetter,F
Garik,Catford,M
Celisse,Costa,F
Marchall,Housiaux,M
Ryley,Whittingham,M
Griswold,Matteoli,M
Alfie,Bigg,F
Judon,Slatter,M
Ferdy,Willman,M
Dirk,Leetham,M
Rodina,Cussen,F
Imogene,Van Baaren,F
Ibby,Yellop,F
Harland,Mill,M
Modestia,Hardistry,F
Glendon,Mate,M
Leonie,Reeme,F
Bessy,Chue,F
Tine,Guilloux,F
Clementina,Rubra,F
Dot,Farren,F
Neely,Gillespey,F
Ludovika,Volet,F
Shepherd,Voyce,M
Madge,Muggeridge,F
Phelia,Munks,F
Amandy,Spellacy,F
Audry,Peattie,F
Taddeo,Troke,M
Jessee,Wann,M
Waldemar,Coppen,M
Barbabas,Bletcher,M
Austina,Menloe,F
Zenia,Arnoldi,F
Putnem,Inston,M
Florian,Ilden,M
Zackariah,Winpenny,M
Constancia,Muselli,F
Justinn,Bodd,F
Levon,Ondracek,M
Micah,Trigwell,M
Foss,Crinidge,M
Catherine,Bury,F
Dulcinea,Sheivels,F
Thurston,Najafian,M
Davidson,Shipway,M
Sascha,Stother,M
Donnie,Evennett,M
Peyter,O'Neal,M
Sarajane,Gamil,F
Milissent,Stearn,F
Redd,Earl,M
Ricki,Behnecke,F
Hally,Scobbie,F
Andree,Iiannone,F
Gris,Linkleter,M
Cordell,Steadman,M
Felizio,Rawkesby,M
Bertine,Allner,F
Hagen,Oblein,M
Sergei,Stoneham,M
Preston,Dowsing,M
Ronny,Petre,M
Johannes,Gallyhaock,M
Xylina,Sissland,F
Emylee,Conford,F
Malina,Mascall,F
Sergent,Duncanson,M
Xylina,Scollard,F
Marika,Wimbridge,F
Susann,Mc Pake,F
Rochelle,Ledrun,F
Goraud,Smallpeice,M
Guthry,Georgievski,M
Clarinda,Gobat,F
Shauna,Bourthoumieux,F
Alma,Braven,F
Dom,Sleford,M
Gena,Manterfield,F
Edd,Chetwind,M
Niels,Bock,M
Tawnya,Shoulder,F
Torry,Balma,M
Gwendolyn,Emmitt,F
Thoma,O'Growgane,M
Mathian,Havvock,M
Alfonso,Bourne,M
Janos,Breissan,M
Dirk,Dews,M
Demetris,Dowglass,M
Rowena,MacGibbon,F
Josey,Johncey,F
Sherlock,Cotgrave,M
Juline,Worral,F
Rosalind,Iacovo,F
Heall,Blondell,M
Cassie,Daugherty,M
Theodore,Bolens,M
Perry,Cheltnam,M
Stacie,Petrosian,F
Babita,Nudde,F
Russell,Hutchins,M
Harlen,Towne,M
Hertha,Amiss,F
Hadria,Romeuf,F
Janeva,Knighton,F
Rupert,Dulany,M
Gibb,Donnison,M
Willie,Kaesmans,F
Ginelle,Leighfield,F
Darrelle,Nelius,F
Shalna,Sabater,F
Torrence,Malarkey,M
Isiahi,Probbing,M
Alika,Paaso,F
Ottilie,Fairall,F
Trenton,Thurby,M
Roderich,Mintram,M
Suzi,MacLure,F
Yvor,Graveston,M
Vince,Takle,M
Justen,Sides,M
Tulley,Edmed,M
Hogan,Corradino,M
Arvin,Ourry,M
D'arcy,Goodswen,M
Holden,Mead,M
Blakeley,Instone,F
Andree,Plummer,F
Ambrosi,Stuehmeier,M
Nate,Tothe,M
Doralynn,Gheorghescu,F
Vina,Cauldwell,F
Tobin,Gartside,M
Floris,Maysor,F
Eziechiele,Sircombe,M
Charmain,Clery,F
Melicent,Ternent,F
Rolf,Orriss,M
Laurie,Maben,M
Bernardina,De Biasio,F
Cyndie,Yate,F
Rosmunda,Gellately,F
Garald,Tynnan,M
Blake,Thorrington,M
Beaufort,Baude,M
Carly,Cavell,M
Sarette,Cummings,F
Thor,Wheldon,M
Nickie,Verbrugge,M
Haily,Brolechan,M
Shalna,Rickeard,F
Sena,Carrington,F
Shoshanna,Sanbrook,F
Retha,Viccary,F
Curtis,Remer,M
Dulsea,Ramsdell,F
Stearne,Dermott,M
Ailsun,Emmens,F
Nancy,O' Cloney,F
Coletta,Asbury,F
Fidelio,Toffler,M
Carleen,Wiltshear,F
Bryn,Hydes,M
Armstrong,Gerrell,M
Wylie,Giacopetti,M
Rudie,Coggen,M
Susy,Dowber,F
Sianna,Daenen,F
Lou,Pratley,M
Dillon,Bramble,M
Grier,Barthel,F
Harrison,Canet,M
Linea,McLae,F
Frazier,Rosenfeld,M
Haily,Oddie,F
Orland,Vinick,M
Wynn,Stanier,M
Jorge,Goane,M
Marilyn,Marzele,F
Walt,Light,M
Cindee,Bridle,F
Daloris,Simononsky,F
Pattin,Chazerand,M
Clayton,O'Deegan,M
Marylou,Coggen,F
Egor,Otton,M
Benjamen,Isaksson,M
Freddy,Eakle,M
Evangelina,Curson,F
Nollie,Simper,F
Dav,Beran,M
Bryan,McSherry,M
Kendal,Mylchreest,M
Lauren,Kliner,F
Vivian,Elmar,F
Ax,Jeffers,M
Richmound,Ace,M
Lemmie,Vautier,M
Harrison,Brideaux,M
Brooks,Murkin,M
Nicolais,Glaserman,M
Jere,Benion,M
Stevie,MacLese,M
Ethelda,Bridgland,F
Randal,Hext,M
Bordie,Start,M
Gabriel,Rennicks,M
Killian,Bierling,M
Llywellyn,Brushfield,M
Marni,Kleynermans,F
Randy,Keems,M
Astra,Sleite,F
Hanan,Cumine,M
Tarrance,Arrigucci,M
Francisco,Setterthwait,M
Karola,Rickcord,F
Joellyn,Strover,F
Julio,Favel,M
Brett,Mc Caughan,M
Shalne,Kernes,F
Fernanda,Latchford,F
Cecilius,Gartrell,M
Lucky,Hamby,F
Christan,Volk,F
Romona,Askew,F
Marylinda,Rizzo,F
Terry,Dobrovsky,F
Hew,Gerant,M
Konstanze,Hrinchishin,F
Stacee,Consterdine,F
Giacopo,Mammatt,M
Jamie,Camfield,F
Aeriela,Hobden,F
Jean,Hitchens,F
Olivier,Pinsent,M
Rosaline,Gillow,F
Alberto,Blackhall,M
Crosby,Dobbyn,M
Jillene,Lampke,F
Kakalina,Bourtoumieux,F
Adey,Enrico,F
Cassie,Calrow,M
Emalia,Attyeo,F
Ilysa,Penbarthy,F
Margeaux,Blaber,F
Skippy,Woolvin,M
Padgett,Pargeter,M
Elbertina,Bennike,F
Augusta,Whitchurch,F
Carly,Dobbings,F
Nessie,Pietruszka,F
Eward,Haskew,M
Goldia,Bidnall,F
Lynette,Silliman,F
Randolf,Giacoboni,M
Donovan,McAsgill,M
Karon,Mantrup,F
Emmeline,Uff,F
Debora,Bissex,F
Aloin,Simondson,M
Justinn,Holsall,F
Kittie,Bambrugh,F
Isaiah,Trayling,M
Charlton,Jocic,M
Ronnie,Kuhnhardt,M
Nathanil,Bunner,M
Free,Corrigan,M
Aili,Cranna,F
Tonia,Leffek,F
Terrence,Brothwell,M
Kiele,Gelderd,F
Flossi,Priddie,F
Stillman,McGriffin,M
Saul,Rentoll,M
Margo,Sherrott,F
Linc,Sansom,M
Moll,Yanov,F
Selia,Novotne,F
Laurel,Halley,F
Fionnula,Lux,F
Juliann,Winckle,F
Alexio,Elgee,M
Deeyn,Satchell,F
Berny,Wathan,F
Preston,Empleton,M
Tomas,Scardafield,M
Kain,MacGinney,M
Corbet,Emms,M
Fleurette,Bolesma,F
Dennet,Bendley,M
Lurlene,Mournian,F
Magdaia,Redhills,F
Margaux,Brideaux,F
Ashley,Halms,M
Honor,McTerrelly,F
Isidor,Pummell,M
Myrtice,Bugge,F
Iain,McGifford,M
Margeaux,Norfolk,F
Franzen,Curson,M
Jorge,Loadman,M
Lacee,Dingsdale,F
Werner,Gilby,M
Ag,Grasner,F
Salomone,Liston,M
Prinz,Pescud,M
Debbie,Dilley,F
Jenelle,Burgoine,F
Charo,Paolini,F
Martie,Bolzen,M
Trudy,Mathias,F
Ty,Dransfield,M
Konstanze,Moran,F
Marylin,Sowood,F
Thayne,De la Harpe,M
Jill,Antonignetti,F
Walt,Pimm,M
Torie,Burbudge,F
Erek,Pinyon,M
Lorri,Cubbini,F
Eran,Kearton,F
Royce,De Benedetti,M
Paulo,Lazenby,M
Fowler,Lloyds,M
Valdemar,Roath,M
Cherye,Augustine,F
Mead,Kitchiner,M
Lari,Ensor,F
Katy,Flack,F
Kalinda,Bracchi,F
Brigida,Gimert,F
Bili,Pothbury,F
Bekki,Bartozzi,F
Dunstan,Degoix,M
Chrisy,Aldrick,M
Frannie,O'Donohue,F
Arlana,Garthside,F
Heather,Trouel,F
Luella,Whodcoat,F
Chere,Foxcroft,F
Zeb,Tarbard,M
Stanleigh,Larchiere,M
Sisely,Larmouth,F
Duke,Kalkhoven,M
Calhoun,Goward,M
Inga,Berens,F
Genevra,Challen,F
Gerda,Mainstone,F
Brunhilda,Andriuzzi,F
Malynda,Holme,F
Bailie,Pinyon,M
Ilse,Bowller,F
Janie,Ransley,F
Mattie,Arter,M
Gan,Moppett,M
Abigale,O'Gready,F
Dotty,Selkirk,F
Louis,Barbosa,M
Eleonora,Millis,F
Sybila,Esom,F
Amity,Mortell,F
Theodora,Ashwin,F
Edwina,Cowling,F
Zilvia,Girdwood,F
Zeke,Hintze,M
Klemens,Craigie,M
Aldric,Antos,M
Mose,Corre,M
Giselbert,Strutton,M
Lukas,Cowderoy,M
Ingaberg,Sedgefield,F
Quincey,Edger,M
Franky,Buckham,F
Linzy,Gossan,F
Lucho,Powe,M
Robinson,Kiggel,M
Barry,Scading,F
Donal,Loren,M
Freda,Cleary,F
Brigham,Dusey,M
Robinetta,Cant,F
Veronike,Probetts,F
Paco,Renish,M
Carlie,Ferneley,F
Lydia,Andrysiak,F
Barde,Duchenne,M
Cece,Jacquot,M
Salvador,Rotchell,M
Corliss,Pointon,F
Maurene,Beincken,F
Emmet,Coneley,M
Gianna,Paula,F
Melamie,Gooder,F
Tawsha,MacKettrick,F
Nikolai,Martinat,M
Trenna,Bradforth,F
Auberta,Marieton,F
Evangelin,Flanaghan,F
Doti,Glaze,F
Alric,Trayte,M
Dionisio,Cruse,M
Sheffy,Kovalski,M
Juliet,Pedlingham,F
Sammy,Deniseau,M
Hayley,Andreolli,F
Morry,Handlin,M
Pammie,Clark,F
Sada,Arendsen,F
Ignaz,Coldwell,M
Even,Truran,M
Chas,McInulty,M
Keeley,Minto,F
Elset,Parchment,F
Addy,Guittet,F
Byron,Mougin,M
Freedman,Toplis,M
Stormie,Medler,F
Bronson,Rate,M
Jarrett,Geffen,M
Wilt,Stollmeyer,M
Pascal,Sneezum,M
Anatollo,Entres,M
Rikki,Pheazey,M
Stavro,Zanussii,M
Netta,Daniello,F
Angelita,Bleything,F
Tom,Le Fleming,M
Anne,Janas,F
Margi,Splevings,F
Vonnie,Tichner,F
Sacha,Blower,F
Claudie,Abramowsky,F
Darryl,Sykora,F
Demetre,Lynett,M
Bobbi,Merricks,F
Myrle,Jouanet,F
Benoit,Kennelly,M
Abram,Ropkins,M
Fernande,Tome,F
Nadya,Olland,F
Frans,Egglestone,M
Maximilien,Tiptaft,M
Millisent,Veltman,F
Alphonso,Peers,M
Appolonia,Reisin,F
Phineas,Di Maggio,M
Elisabet,Semkins,F
Amery,Venditto,M
Shirley,Masselin,F
Cletis,Tiler,M
Reba,Dewdeny,F
Giustina,Ison,F
Andrea,Wickins,M
Gabriel,Arnett,F
Temple,Beinke,M
Arvin,Randles,M
Klement,Stihl,M
Paddie,McGenis,M
Stanleigh,Grigg,M
Bell,Wolsey,F
Lorine,Dundridge,F
Keith,Van Saltsberg,M
Aube,Morffew,M
Giffie,Gentsch,M
Wilek,Vero,M
Erna,Dykes,F
Ruperto,Trace,M
Lorelei,Vasishchev,F
Nerta,Duxbarry,F
Joscelin,Higgan,F
Nada,Ruane,F
Judye,Bringloe,F
Rey,Langtree,F
Jermayne,Mertin,M
Wendi,Suttie,F
Biddy,Iddenden,F
Ange,Flowerdew,F
Saw,Medcraft,M
Laurianne,La Wille,F
Hazel,Wrenn,F
Lesley,Leney,M
Bree,Edmonson,F
Kippie,Zannelli,F
Giuseppe,Firle,M
Charin,Pottiphar,F
Craggy,Willoway,M
Joly,Crowest,F
Terry,Cordaroy,F
Lazaro,Caush,M
Zabrina,Sutty,F
Kayne,Fairfoul,M
Amberly,Loveland,F
Cherise,Ahmed,F
Marthe,Wycherley,F
Bronnie,Mollin,M
Noach,Coslitt,M
Keely,Franzini,F
Agretha,Schott,F
Mildred,Cressey,F
Louis,Cubuzzi,M
Hadria,Marien,F
Sandro,Jamison,M
Vail,Dwine,M
Gerti,Tuckie,F
Georg,Tregidgo,M
Skye,Roderham,M
Queenie,Rudsdale,F
Madeline,Reggler,F
Gussi,Revill,F
Nathan,Grayshon,M
Tallou,Frarey,F
Jasper,Furmston,M
Rocky,Yeudall,M
Giraud,Germaine,M
Dennis,Ballard,M
Glori,Spaule,F
Datha,Vasilchenko,F
Kienan,Beringer,M
Vicki,Tarbox,F
Nataniel,Thies,M
Greta,Smallbone,F
Calv,Tasch,M
Gavin,Boyn,M
Dacie,Atkyns,F
Gaspard,Hainning,M
Oswald,Baversor,M
Filippa,Chastenet,F
Con,Paliser,M
Farra,Lehmann,F
Lizzie,Anster,F
Alica,Taffee,F
Patsy,Langelaan,M
Rafael,Shine,M
Lilia,Mont,F
Carlita,Mozzini,F
Cortney,Nason,F
Boigie,Carek,M
Sarena,De Gregoli,F
Trixie,Secker,F
Raymund,Curlis,M
Garnette,Agott,F
Glenda,Banat,F
Ellissa,Garrioch,F
Serena,Rentenbeck,F
Diena,Trevillion,F
Bondie,Davinet,M
Suki,LAbbet,F
Tandy,Frango,F
Grove,Petroff,M
Hanni,Meffin,F
Terri,Itzcak,F
Leelah,Bolderoe,F
Bobbie,Escudier,M
Denney,McTrusty,M
Albrecht,Klemensiewicz,M
Ralf,Harwick,M
Myra,Cranshaw,F
Willette,Ousbie,F
Neda,Cobleigh,F
Donny,Bulward,M
Dee dee,Chavey,F
Cassy,Dowbakin,F
Erl,Prazer,M
Garrett,Kropp,M
Melesa,Oldham,F
Danielle,McLellan,F
Eugenio,Casterot,M
Barrie,Gillard,M
Callean,McArdell,M
Butch,Niesegen,M
Siffre,Clavering,M
Skelly,Dell'Abbate,M
Diannne,Ollive,F
Lynn,Epple,M
Bastien,Ick,M
Erie,Campbell,M
Clyve,Frary,M
Kenny,Ickowicz,M
Jenifer,Cranston,F
Arlyn,Herries,F
Leelah,Donner,F
Quintilla,Sellick,F
Fons,Eastby,M
Kailey,Viggers,F
Karol,Hartus,F
Valli,Trevna,F
Honey,Esselen,F
Dall,Fontelles,M
Merry,Gauge,F
Karisa,Schachter,F
Maggy,Sharvill,F
Carlye,Swetland,F
Chickie,Penelli,F
Lorens,Momford,M
Rockwell,Clawe,M
Myrvyn,Hamly,M
Toddie,Kiessel,M
Merline,Ianinotti,F
Anette,Ajsik,F
Charles,Dilley,M
Radcliffe,Clinch,M
Tess,Stowell,F
Walliw,Cattel,F
Tiff,Whale,F
Jakie,Clemens,M
Kania,Sambidge,F
Hesther,O'Mailey,F
Mead,Heaney`,M
Raddy,Brood,M
Jaimie,Crack,F
Robers,Labin,M
Archaimbaud,Heineke,M
Harman,Piele,M
Anastasie,Chesterman,F
Randolph,Sibbe,M
Forest,Swinley,M
Susi,Cardozo,F
Corry,Ludovico,F
Rosmunda,Kilminster,F
Salome,Mergue,F
Sadella,Sicely,F
Genvieve,Bunton,F
Cullin,Cagan,M
Meyer,Coo,M
Skelly,Gooder,M
Fransisco,Glassborow,M
Orrin,McGrath,M
Pansy,Antonazzi,F
Brittney,Bartaloni,F
Britt,Ganforth,M
Andris,Solomonides,M
Papageno,Attow,M
Effie,Kilday,F
Launce,Elms,M
Eziechiele,Rentoll,M
Feodora,Garrold,F
Patrizio,MacKellar,M
Babs,Merrell,F
Floria,Blackney,F
Shea,Beedell,F
Quentin,Yerrill,F
Swen,Alanbrooke,M
Leif,Raisbeck,M
Patsy,Gingell,F
Harriet,Causley,F
Henrietta,Fulger,F
Bank,Biernacki,M
Dwight,Meriet,M
Yorgos,Wegner,M
Sibley,Entreis,F
Obadias,Crowden,M
Candice,Pagon,F
Leyla,Vel,F
Hieronymus,Okell,M
Nelle,Thecham,F
Brigida,Laurent,F
Paddie,Spier,M
Cacilie,Corby,F
Kirstyn,Roycroft,F
Reggy,Revett,M
Bronny,Paddington,M
Elena,Lurner,F
Page,Kopmann,M
Arlena,Sproat,F
Emmanuel,McKeran,M
Kitty,Davidesco,F
Thomasa,Karet,F
Lawton,Fibbitts,M
Daffy,Ormiston,F
Thomas,Dilloway,M
Luella,Leighton,F
Elijah,Dandy,M
Jobey,Woolam,F
Tobit,Ivashintsov,M
Moria,Kunkler,F
Cristionna,Mordey,F
Nikolia,Warwicker,F
Amalia,Garett,F
Nicolette,Blogg,F
Sigfried,Coolican,M
Cullie,Sketcher,M
Isaac,Caroli,M
Jon,Teligin,M
Nancee,Amberger,F
Adiana,Ravel,F
Berenice,Icom,F
Romeo,Sinnie,M
Benedict,Wimpey,M
Therese,Castano,F
Shay,Burstowe,M
Elie,Botger,F
Chandler,Puttergill,M
Adelice,Maffulli,F
Flo,Syers,F
Daphene,Gregoratti,F
Pacorro,Rawne,M
Audrie,Fowlie,F
Seward,Trevarthen,M
Alisander,Vakhonin,M
Pietra,Bratley,F
Rouvin,Pill,M
Free,Snepp,M
Cyril,Skeat,M
Steven,Meeny,M
Janie,Willshee,F
Liane,Bazoge,F
Arie,Vanichev,M
Linnie,Domaschke,F
Aleece,Adnet,F
Fabio,Oertzen,M
Haily,Ollerton,F
Arlena,Franek,F
Delila,Tessington,F
Krystal,Cassey,F
Jackson,Kitchenside,M
Filia,Guilloneau,F
Jermain,Okie,M
Katleen,Pawlata,F
Charmaine,Jewiss,F
Tobi,Tranmer,F
Lazaro,Ivanovic,M
Frederik,Kays,M
Gaby,Wardhaugh,M
Yorker,Thirwell,M
Sibelle,Longmire,F
Denny,Symcox,F
Washington,Colquit,M
Modestia,Sycamore,F
Willette,Kroll,F
Stan,Shrigley,M
Vitia,Fleisch,F
Celisse,Boig,F
Lazaro,Gove,M
Adlai,Bangle,M
Georgina,MacKean,F
Ryan,Crotch,M
Katinka,Himsworth,F
Bealle,Briggdale,M
Grissel,Pithcock,F
Letti,McCosh,F
Abigale,Faers,F
Andre,Moberley,M
Ebba,Wotherspoon,F
Ricoriki,Wenzel,M
Timothea,Jurca,F
Carmencita,MacCulloch,F
Cheryl,Mackiewicz,F
Aubrie,Nutbean,F
Kristal,Crampin,F
Currey,Rigby,M
Peggie,Mochan,F
Jeffry,Elstow,M
Christoforo,Calliss,M
Lou,Lamas,F
Virgina,Nesbit,F
Lynn,Raithmill,M
Thorstein,Ranger,M
Lissi,Heinzel,F
Cherin,De Meis,F
Horace,Swayne,M
Rea,Dobing,F
Adrian,Pendry,F
Grissel,Penritt,F
Earlie,Raincin,M
Golda,Eilhertsen,F
Bond,Chalder,M
Quintilla,Lambotin,F
Cynde,Vipan,F
Tawsha,Lambdean,F
Sergeant,Aps,M
Demetri,Callow,M
Frederick,Extil,M
Dulcinea,Demschke,F
Chandal,Grute,F
Lonny,Taile,M
Harley,Proffer,M
Mellicent,Aspital,F
Rasia,Marchetti,F
Tally,Carrington,F
Clarissa,Demetr,F
Reggie,Cassimer,M
Dall,Dunbabin,M
Tandi,Neumann,F
Philippine,Derbyshire,F
Tiphanie,Tunsley,F
Frederik,Bruntjen,M
Karyl,Sprasen,F
Isa,Budleigh,F
Lucie,Whooley,F
Shalna,Velden,F
Gabbey,Ferrini,F
Shelley,Pallesen,M
Augustine,Waud,M
Rafa,Eldon,F
Myrtle,Elcock,F
Catina,Hampstead,F
Hildegarde,Fulger,F
Bentlee,Zink,M
Minnaminnie,Tureville,F
Gwynne,O'Sharkey,F
Dunstan,Rootham,M
Guillaume,Dwyer,M
Lilias,Laurence,F
Mohandis,Tribble,M
Karena,Idenden,F
Corney,Boissier,M
Demetria,Posvner,F
Codie,Goodenough,M
Alyson,Ravilious,F
Aloin,Hankin,M
Trip,Jodrelle,M
Moyra,Lyptratt,F
Patric,Gear,M
Genny,Laurenty,F
Nikolaos,Marciskewski,M
Leonora,Foystone,F
Ginny,Fawthorpe,F
Gauthier,Harpin,M
Freemon,Broadis,M
Garreth,Garforth,M
Georgine,Dabernott,F
Rodger,Hatwells,M
Gaile,Harsnipe,M
Damiano,Castro,M
Miner,Kubu,M
Dorian,Carnalan,M
Kleon,Fluin,M
Pen,Paiton,M
Kalli,Jaycocks,F
Alic,Inger,M
Clementius,Vye,M
Julietta,Gogerty,F
Virgina,Godney,F
Roley,Faughny,M
Giraud,Orr,M
Rochette,Somerset,F
Lorna,Serris,F
Ulises,Le Leu,M
Rina,Soall,F
Darb,Grice,M
Alex,Caldera,M
Toiboid,Roycraft,M
Linn,Marioneau,M
Ulrica,Guilayn,F
Berny,Maren,M
Clywd,Rodenhurst,M
Kiley,Sallier,M
Elwin,Timlett,M
Alejandra,Seydlitz,F
Corri,Birkin,F
Julieta,Normanville,F
Sibeal,Havard,F
Petunia,Wanek,F
Leighton,Reijmers,M
Alta,Boards,F
Marshall,MacKill,M
Martino,Hartzog,M
Jorgan,Andrejevic,M
Mike,Pagitt,M
Gamaliel,Wootton,M
Kylen,Cowtherd,F
Raynard,Farlow,M
Malina,Romayn,F
Lida,Fladgate,F
Mirabel,Scones,F
Ashlen,Wainscot,F
Nichols,Sharram,M
Cosme,Poag,M
Jeanelle,Hendrik,F
Emmalee,Pennicott,F
Hamlen,Southby,M
Giulio,Banstead,M
Silvan,Beadon,M
Griffith,Simeon,M
Hersh,Ioannidis,M
Elayne,Hornbuckle,F
Branden,Cominetti,M
Zelig,Chesley,M
Vic,Yeldham,M
Tore,Sturm,M
Vite,Barley,M
Charissa,Gibson,F
Had,Silly,M
Bartlet,Knappen,M
Marcie,Swynfen,F
Wenona,Gutherson,F
Lauren,Gannon,M
Jacinta,Kovelmann,F
Jillie,Pennini,F
Bryce,Helin,M
Phylys,Quincey,F
Payton,Murrigan,M
Bruno,Balsdone,M
Gideon,Grono,M
Kinsley,McClinton,M
Urbanus,McGillacoell,M
Antonius,Sarath,M
Garrik,Babington,M
Janifer,Tofful,F
Christalle,Heindle,F
Murry,Vlasin,M
Leontine,Fedoronko,F
Burgess,Chang,M
Bunny,Aspray,F
Trina,Carver,F
Aaren,Deek,F
Ransom,Grieswood,M
Fraze,Woodrup,M
Marji,Turford,F
Opaline,Durran,F
Judas,Trippick,M
Tally,Kruse,F
Jaime,Bum,F
Remington,Matusovsky,M
Katti,Greenroa,F
Jocelyn,Bonnet,F
Hymie,McClymond,M
Stewart,Curro,M
Sayer,Orkney,M
Elvina,Caw,F
Lydia,Learoid,F
Marcela,Paulillo,F
Cherie,Bispham,F
Glynnis,Sivewright,F
Constantina,Filyaev,F
Isidore,Tybalt,M
Christiane,Selwyne,F
Karlie,Summerley,F
Clotilda,Woolam,F
Baron,Darell,M
Tulley,Norfolk,M
Justinian,Druitt,M
Elwyn,Woolbrook,M
Charmion,Attac,F
Ardelle,Sweatman,F
Emmett,Ruslin,M
Felike,Ivakin,M
Alina,Coryndon,F
Perkin,Leeder,M
Otes,Bee,M
Hinda,Robison,F
Durand,Chamberlin,M
Giusto,Nacey,M
Kattie,Organ,F
Farly,Lage,M
Peg,Blomfield,F
Ranique,Harverson,F
Humbert,Goreisr,M
Kliment,MacAleese,M
Madelina,Bollin,F
Riley,Emnoney,M
Henri,Sargent,M
Curt,Burrus,M
Gratiana,Lehrian,F
Halsey,Cottam,M
August,Tilsley,M
Pattin,De Minico,M
Kipp,Greeding,M
Laurice,Magauran,F
Nolly,Stabler,M
Fran,Carabine,F
Ty,Blaise,M
Beaufort,De Mitris,M
Rogerio,McFetridge,M
Skylar,Milligan,M
Cindi,Comer,F
Gladys,Padula,F
Stephan,Hext,M
Patty,Whitmore,F
Emile,Manby,M
Pascale,Shevlane,M
Nike,Battill,F
Jerrie,Labbet,F
Farley,Pirie,M
Gardy,Tregonna,M
Sebastiano,Ramage,M
Colan,Deuss,M
Zacherie,Lasty,M
Truman,Henrique,M
Dorette,Keers,F
Reagan,Booeln,M
Dilly,Millott,M
Angeline,Ashlee,F
Blake,Barlie,M
Rogers,Geroldo,M
Reba,Glyde,F
Carly,Lardeux,F
Tripp,Pammenter,M
Kit,Danielsky,M
Tawsha,Hume,F
Ariadne,Escoffier,F
Newton,Guinane,M
Gard,Adacot,M
Dasha,Rampton,F
Flori,Beggi,F
Shandie,Cray,F
Vanna,Crebo,F
Jandy,Belfelt,F
Katerine,Abelov,F
Terrijo,Valintine,F
Sebastian,Puleston,M
Maurits,Clayden,M
Morey,Govett,M
Janean,Doole,F
Iggie,Munn,M
Darill,Franzonetti,M
Torr,Roget,M
Dwight,Nunnery,M
Kirsten,Cockshott,F
Ora,Petrashkov,F
Tracey,Kiendl,F
Cybill,Merrywether,F
Halette,Blenkharn,F
Lira,McConigal,F
Linc,Gherardini,M
Corbet,De Brett,M
Shawn,Judge,F
Mathilda,Paydon,F
Eddy,Prudence,F
Gare,Need,M
Denys,Picknett,M
Bab,Rowthorn,F
Stella,Bunkle,F
Blinnie,Luparto,F
Gertie,Haycock,F
Joycelin,De Angelo,F
Bartholomeo,Dole,M
Bondie,McClory,M
Katrina,Pfeffer,F
Marco,Hender,M
Tiphanie,Erricker,F
Phillis,Heindle,F
Sofie,Jarrard,F
Jamison,Enga,M
Elle,Quainton,F
Kevan,Sandwich,M
Tamas,Issitt,M
Hersh,Ondra,M
Mathe,Robbey,M
Oliver,Effemy,M
Sandor,Parlot,M
Harvey,Clare,M
Deeanne,Stobbie,F
Thomasina,Eagan,F
Erhart,Ianizzi,M
Toni,Galiero,F
Sigismondo,Cuttle,M
Hilary,Putson,M
Debby,d' Eye,F
Em,Mylan,F
Dukie,Hertwell,M
Bert,Trattles,F
Jammal,Fewster,M
Albie,Everil,M
Jedidiah,Matuszak,M
Gabbi,Standring,F
Blake,Solon,F
Morissa,Valek,F
Marcie,Belding,F
Natassia,Crux,F
Leila,Klemps,F
Shelby,Stuchbury,M
Cortney,Crinage,F
Lorry,Idenden,M
Belicia,Winchcum,F
Todd,McConachie,M
Chance,Gladwell,M
Helge,Dartnall,F
Alix,Anfonsi,F
Phedra,Guerrero,F
Wallache,Thorowgood,M
Forester,Danbrook,M
Valerie,Deards,F
Loralee,Allmark,F
Darren,Yosifov,M
Nona,Bonelle,F
Powell,McErlaine,M
Freddie,Kivits,F
Burlie,Scoines,M
Jens,Simmig,M
Tildie,Lapworth,F
Simone,Mariot,M
Sigismund,Carloni,M
Sidnee,Culp,M
Dorry,Pichan,F
Anissa,Pauel,F
Jacintha,Duligall,F
Kira,Padkin,F
Dionis,Cummins,F
Ameline,Connow,F
Milly,Aberdalgy,F
Faun,Worpole,F
Kane,Roman,M
Gerhard,Legate,M
Cariotta,Smallsman,F
Christiano,Witsey,M
Gayelord,Curgenuer,M
Berkley,Strike,M
Ulrich,McEntegart,M
Irv,Bousquet,M
Karlie,Strippling,F
Elvin,Losty,M
Davine,Dedenham,F
Kara,Deyenhardt,F
Graham,Gogarty,M
Jannel,Harmeston,F
Vite,Paynton,M
Brinn,Vassano,F
Caleb,McHale,M
Stephine,Riall,F
Ethyl,Esby,F
Latia,Joddens,F
Herve,Snoding,M
Karlotta,Harce,F
Karia,Hemshall,F
Clyve,Mithon,M
Floyd,Capelow,M
Ingaberg,Heberden,F
Carmella,Suller,F
Johannes,Fee,M
Gelya,Civitillo,F
Shellysheldon,Croneen,M
Chadwick,Ravillas,M
Thom,Agate,M
Tildi,Black,F
Hobart,Scarlan,M
Asher,Moroney,M
Webster,Gowdy,M
Vitia,todor,F
Felita,Chotty,F
Hanson,Jeromson,M
Camel,Rosenau,F
Reynolds,Shard,M
Lurette,Haw,F
Harp,Leyzell,M
Erie,Bonnier,M
Mel,Bover,M
Bengt,Munkley,M
Rupert,Stubbington,M
Carver,Coping,M
Chelsae,But,F
Phineas,Graal,M
Seward,Fazan,M
Krysta,Presman,F
Linn,Winterson,M
Sabra,Warricker,F
Malachi,Handover,M
Wilmer,Jindacek,M
Mareah,Ailward,F
Marion,McAlindon,F
Valentin,Wadge,M
Kalil,Wye,M
Brennan,Amy,M
Emelita,Galway,F
Gena,Melloi,F
Scotti,Langton,M
Celestyn,Whitloe,F
Shannah,Grishakin,F
Jean,Sparey,M
Theo,Wilkenson,M
Hanson,Kensitt,M
Thoma,Bredes,M
Linc,Pinchin,M
Teodor,Imlen,M
Cherye,Frossell,F
Mufinella,Rodda,F
Remy,Bradneck,F
Jerald,McCutcheon,M
Anselm,Kedward,M
Deerdre,Earengey,F
Keith,Ryce,M
Inge,Maxwell,F
Calvin,Zupo,M
Brice,Redler,M
Isaiah,Andrag,M
Ambrosi,Garwill,M
Ringo,Pugsley,M
Zachary,Lergan,M
Nedi,Amps,F
Shanta,Wybron,F
Forbes,Chapleo,M
Nataline,Constantinou,F
Madison,McAmish,M
Benedick,Ioan,M
Hatty,Stockney,F
Maribeth,Joiner,F
Sheridan,Hanway,M
Homer,Tomaino,M
Kelley,Karlolczak,M
Denny,Rawsthorne,M
Issiah,Stoaks,M
Harman,Mountney,M
Clea,Hesey,F
Shanan,Treacher,M
Rriocard,Roocroft,M
Lulita,Brimelow,F
Natale,Tinkler,M
Vincenty,Mockler,M
Stephanus,Putterill,M
Garwin,Crunden,M
Corilla,Gianni,F
Katusha,Enrrico,F
Biron,Conigsby,M
Will,Casaro,M
Scottie,Vidloc,M
Elmore,Gallen,M
Dominick,Baglin,M
Fletch,Fabri,M
Arabelle,Favela,F
Norine,Spalls,F
Marita,Ferryman,F
Shaylynn,Di Maggio,F
Hugibert,Giuron,M
Zolly,Bossingham,M
Fredrick,Nunnery,M
Laura,Eagan,F
Laureen,Kearns,F
Mar,Gittis,M
Penelopa,Breukelman,F
Bengt,Marrington,M
Iormina,Jacobowitz,F
Dorita,Ohlsen,F
Rosabel,MacTeggart,F
Suzanna,Phippin,F
Cynthie,Ketchell,F
Joellen,Kesterton,F
Tiffanie,Sazio,F
Case,Band,M
Wynne,Pachta,F
Hubey,Bisatt,M
Guillermo,Hathway,M
Pearce,Marley,M
Maury,Gilfether,M
Carolus,Wontner,M
Tessi,Rhoades,F
Radcliffe,Hrycek,M
Maynard,Bier,M
Blinny,Middlemiss,F
Ingra,Waything,M
Ernie,Schoular,M
Eldridge,McReath,M
Nessie,Patmore,F
Anders,Hadwen,M
Annabel,Livock,F
Karry,Bothram,F
Ellette,McGown,F
Janeczka,Canellas,F
Jeramey,Fiennes,M
Sam,Walstow,M
Merrel,Summerhayes,M
Jessie,Flisher,F
Clyve,Coxhell,M
Ricky,Bewshaw,F
Wiley,Welberry,M
Ashleigh,Raynham,F
Brok,Maffey,M
Lockwood,Argente,M
Evan,Mattke,M
Klaus,Dugald,M
Dahlia,Pau,F
Chandra,Habgood,F
Clementina,Gauche,F
Melody,Brannigan,F
Reagen,Clute,M
Marge,Cherry,F
Nahum,Bentsen,M
Rufus,Wrankling,M
Reed,Bouda,M
Gertrudis,Dayer,F
Adora,Hickford,F
Rick,Dumbleton,M
Carline,Hayer,F
Darrick,Burgon,M
Car,Canby,M
Ardis,Korn,F
Isidor,Keat,M
Tabitha,Dyment,F
Alejandra,Corkan,F
Skipton,Bridal,M
Shane,Wethered,F
Maryjane,Becke,F
Reamonn,Danbury,M
Ronny,London,F
Freddi,Pettipher,F
Johan,Gaudon,M
Jerrine,Domney,F
Ingra,De Witt,M
Martainn,Shillington,M
Josefina,Goldes,F
Stormi,Ivey,F
Marcellina,Duigenan,F
Bax,Driffill,M
Abbey,Burgiss,M
Emmott,Kynder,M
Yolanthe,Gunton,F
Vernen,Barnaby,M
Dani,Jarville,M
Chickie,Clapson,M
Roanne,Smewings,F
Otis,Easterfield,M
Phaedra,Gyenes,F
Claybourne,Aitcheson,M
Bertrando,Sawkin,M
Edsel,Bice,M
Jamie,McKintosh,M
Marty,Cannop,M
Ealasaid,Fermor,F
Emery,Finnimore,M
Corilla,Castana,F
Rayna,Gierek,F
Jabez,Labrone,M
Mano,Lissimore,M
Aldrich,Vaskov,M
Babara,Draye,F
Fin,Loffel,M
Christan,Rathborne,F
Randi,Kohrs,F
Roderich,Wilcockes,M
Rossy,Mewett,M
Obie,Tungate,M
Antonin,Deighan,M
Adeline,Taffe,F
Lucia,Kitchingman,F
Elsworth,Furby,M
Teodora,Cescon,F
Dode,Audry,F
Ric,Gianni,M
Selby,Baldoni,M
Gearard,Ellicott,M
Bentley,Cridlin,M
Clarance,Shouler,M
Joice,Valde,F
Rosemarie,Cruse,F
Uri,Powe,M
Adelina,Caisley,F
Ilyse,Boulding,F
Caryl,Leimster,M
Jeffry,Loffill,M
Felicio,Dellar,M
Jacquie,Peskett,F
Cammie,Lugard,F
Jaclyn,Klauer,F
Guthrey,Erb,M
Nikki,Zwicker,M
Sibbie,Klamp,F
Isidro,Dressell,M
Lennie,Marrill,M
Ethe,Von Brook,M
Estel,O'Bruen,F
Laughton,Quant,M
Ronda,Clerke,F
Petronella,Stivers,F
Modestine,Tomankowski,F
Guilbert,Demchen,M
Sheelagh,Pobjoy,F
Bennie,Anniwell,F
Elli,Motion,F
Amitie,Bellanger,F
Rhys,Feeny,M
Pincus,Nern,M
Mella,Braysher,F
Darelle,Morit,F
Ignazio,Sugarman,M
Franni,Kmicicki,F
Selina,McLaverty,F
Cort,Beedie,M
Corabella,Lecordier,F
Jacqueline,Ketts,F
Sayer,Beeho,M
Joly,Beneyto,F
Decca,Sewill,M
Lynde,Hatje,F
Danna,Lapsley,F
Merna,Cranidge,F
Lanita,Ledwich,F
Eve,Bruggeman,F
Willard,Stronough,M
Deloria,Ralston,F
Bevin,Blazek,M
Jeddy,Denman,M
Birdie,Mathis,F
Hagen,Duffill,M
Norrie,Pontain,M
Nadeen,Tattersall,F
Henryetta,Crix,F
Deana,Stores,F
Husein,Jinkin,M
Lavina,McKerlie,F
Caldwell,D'Angeli,M
Tailor,Staries,M
Laraine,Klagge,F
Pippy,Scholefield,F
Jerrylee,Mankor,F
Carissa,Beaufoy,F
Mariel,Dowson,F
Neilla,Muckley,F
Suzann,Gosnell,F
Cassaundra,Hun,F
Petr,McIlhagga,M
Perceval,Kimbling,M
Hilary,Mechi,M
Patty,Southcomb,F
Hedvig,Boothebie,F
Shep,Cottam,M
Michele,Carvil,F
Tabby,Dran,M
Denys,Bonsall,M
Brewster,Buddles,M
Kaela,Bovaird,F
Stanton,Parrin,M
Carma,Rutherford,F
Louise,Forrest,F
Millard,Ciabatteri,M
Inez,Frere,F
Jenn,Franses,F
Nikoletta,Howe,F
Drusy,Keaveny,F
Benjie,Fieldstone,M
Natale,Silwood,M
Pernell,Leamy,M
Janessa,Ewings,F
Jenelle,Eloi,F
Eolanda,Bolino,F
Clarissa,Waryk,F
Kettie,Espina,F
Rahel,Balhatchet,F
Tammy,Christer,M
Koral,Camings,F
Claudina,Marlin,F
Junie,Sigert,F
Sayers,Pochon,M
Bary,Geake,M
Raine,Godden,F
Lina,Bassilashvili,F
Vail,Milleton,M
Peterus,Lusty,M
Anabella,Enterle,F
Amie,Abriani,F
Crystal,Keaves,F
Britt,Northall,M
Caesar,Millward,M
Rolph,Currie,M
Greer,Juris,F
Franklyn,Redmore,M
Heinrik,McGrane,M
Liv,Spottswood,F
Corey,Rollo,F
Joni,Prinne,F
Mariette,Yeats,F
Esma,Tebbut,F
Wilton,Meneur,M
Anatollo,Crook,M
Bertie,Howsam,M
Earl,Rydings,M
Early,Swancock,M
Evan,Cardenas,M
Susy,Churn,F
Cris,Fontin,M
Ricard,Creed,M
Lexy,Whelan,F
Garvey,Ratley,M
Chandra,Plumm,F
Constantine,Weems,F
Stanleigh,Teggart,M
Dar,Denisard,M
Bentley,Antonowicz,M
Morse,Halligan,M
Roxana,Merrisson,F
Fedora,Morland,F
Justus,Junifer,M
Malia,Daintrey,F
Vernon,Caffin,M
Ingar,Theodore,M
Julio,Quested,M
Bartram,Braganza,M
Clarie,Klus,F
Sorcha,Marlor,F
Sheeree,Ximenez,F
Billie,Blackham,M
Maurene,Scarlan,F
Bekki,Ilyunin,F
Reeba,Pideon,F
Ashley,Drysdale,F
Moll,Gomersall,F
Marve,Hazlehurst,M
Trent,Wheeliker,M
Kristal,MacRury,F
Terrill,Fairburne,M
Jordan,McCarrick,M
Rossy,Karlicek,M
Auberon,Mabbs,M
Maryl,Beet,F
Wynne,Marsters,F
Jasun,Elphey,M
Esme,Ayto,M
Ignazio,Tofpik,M
Derrek,Reyna,M
Othilia,Hargrove,F
Baillie,Tayloe,M
Maribeth,Cuttelar,F
Caye,Streater,F
Edith,Coutts,F
Alisun,Brodest,F
Borg,Rosario,M
Griff,Monan,M
Rolland,Cappel,M
Patricio,Bollini,M
Archambault,Linnane,M
Tito,Luckwell,M
Beltran,Treppas,M
Arvin,Trevaskis,M
Cariotta,Easseby,F
Garret,Dearan,M
Corabella,Heavy,F
Irving,Juanes,M
Nevins,Comoletti,M
Tiertza,Lovart,F
Irma,Wipper,F
Nanny,Depke,F
Jere,Ferbrache,F
Packston,Feldman,M
Hardy,Gadie,M
Griffie,Dedon,M
Llewellyn,Redit,M
Nani,Guilfoyle,F
Johnna,Dales,F
Suzie,Lowde,F
Kassia,Joskovitch,F
Natassia,Bramsom,F
Cazzie,Berrey,M
Ediva,Harlowe,F
Aleda,Lukesch,F
Celka,Fuentes,F
Sari,McHardy,F
Bennett,Harradine,M
Miltie,Deny,M
Huberto,Inglese,M
Katey,Henke,F
Sande,Marre,F
Lulita,Winsom,F
Dorene,Flecknoe,F
Lukas,Babbidge,M
Claiborn,Ash,M
Zak,McEwen,M
Gretchen,Reolfi,F
Renate,Baty,F
Phil,Canape,M
Kermy,Clawley,M
Dewey,Sazio,M
Gael,Laver,F
Theodore,Bousler,M
Gaynor,Peasby,F
Abelard,Tremblay,M
Percival,Serjeantson,M
Levi,Sowle,M
Sheffield,Ely,M
Kristopher,Browett,M
Bonita,Patzelt,F
Sadie,Jendrassik,F
Zarah,Hug,F
Desmund,Morrow,M
Svend,Arne,M
Hewet,Skentelbury,M
Mic,Wrintmore,M
Armstrong,Zambon,M
Marcus,Phibb,M
Tony,Blondelle,M
Francyne,Aronovich,F
Lydon,Wrey,M
Emili,Bras,F
Devlen,Ferns,M
Janeczka,Latehouse,F
Ethan,Jamme,M
Mina,Sivills,F
Twila,Kiggel,F
Fred,Stoddard,M
Keefe,Parell,M
Waiter,Staveley,M
Leonardo,Hurdle,M
Leelah,Todhunter,F
Gilly,Ruddock,F
Corbet,Furmage,M
Gretel,Sey,F
Ginger,Yakobovicz,F
Blinny,Brandino,F
Lenna,Aseef,F
Legra,Gaymar,F
Rosita,Mudle,F
Suzanne,Keast,F
Eli,Sulter,M
Milty,Ranklin,M
Allin,Barkas,M
Diann,Clink,F
Margret,Ossulton,F
Ricky,Lorenc,F
Dewey,Goodison,M
Lockwood,Tordoff,M
Jule,Mattys,M
Kelbee,McPeake,M
Thebault,Haddy,M
Karita,Ilyasov,F
Stanfield,Shakelade,M
Jimmie,Kermon,M
Emmery,Willimot,M
Theodoric,Ridwood,M
Ebba,Whellams,F
Darren,Carrodus,M
Kile,Cranch,M
Corbin,Allsep,M
Zelig,Clough,M
Valma,Stilldale,F
Keven,Woodworth,M
Percy,Cicconettii,M
Hiram,Giacomucci,M
Lora,Jaszczak,F
Egor,Pigny,M
Lotti,Dorber,F
Rafaela,Lofting,F
Deeyn,Woolam,F
Haze,Jellybrand,M
Valentino,Reck,M
Rhett,Hedingham,M
Rubin,Livens,M
Pamelina,Gunningham,F
Jarvis,Painswick,M
Cilka,Mulqueen,F
Yehudi,Gerold,M
Mic,Glide,M
Loreen,Rozea,F
Aloysius,Ring,M
Saundra,Gilhouley,F
Elsinore,Brokenbrow,F
Cole,Jovicevic,M
Carlyle,Lyokhin,M
Randy,Austen,M
Tadd,Gurr,M
Regan,Iwanowski,M
Wheeler,Crothers,M
Noreen,McDuffy,F
Claiborne,Kinkead,M
Barry,Goodacre,F
Jessalyn,Eaddy,F
Lida,Bubbins,F
Cheslie,Roxbee,F
Artemus,Hurry,M
Bibby,D'Ugo,F
Otes,Darbishire,M
Rand,Hethron,M
Johnathon,Durrad,M
Stavros,Krol,M
Peder,Parrott,M
Edin,Howes,F
Cullen,Castanares,M
Timothee,Jamieson,M
Heloise,Mitkin,F
Padraic,Joannic,M
Theodor,Dockrell,M
Lucy,Di Angelo,F
Griffin,Axby,M
Evangelin,Huebner,F
Ezequiel,Rehn,M
Padraic,Hartright,M
Lucretia,Mossop,F
Cora,Winsome,F
Delmore,Ackhurst,M
Jackqueline,MacFadyen,F
Normie,Leadbitter,M
Lacee,Rodie,F
Falito,Glover,M
Talyah,Ivshin,F
Audi,Perrinchief,F
Silva,Wagge,F
Garwood,Simpole,M
Timothea,Belden,F
Osborne,Oliffe,M
Nels,Audiss,M
Lyn,Fairbanks,M
Sergeant,Dineen,M
Mady,Skill,F
Johnathon,Sneaker,M
Helaine,Kuller,F
Averyl,Cerie,F
Marina,Gyorgy,F
Stanislaw,Filippozzi,M
Garik,Stickel,M
Wittie,Bagot,M
Henrie,Picken,F
Staffard,Saunders,M
Marnie,Roskelly,F
Rochella,Rabjohn,F
Jeri,Eliyahu,F
Gauthier,Egiloff,M
Hyacinth,Robb,F
Ebeneser,de Werk,M
Taylor,Hellwing,M
Dorris,Paolillo,F
Bevin,Tebbett,M
Doug,Retchless,M
Willie,Kupka,F
Avigdor,Zelland,M
Penrod,Radloff,M
Zerk,Gartside,M
Vail,Tocqueville,M
Syd,Karpman,M
Hazel,Skittle,M
Nola,Sacchetti,F
Skylar,Jorck,M
Christabel,Eger,F
Nike,Joutapaitis,F
Ignaz,Boshere,M
Dell,Pervew,M
Ronny,Furminger,M
Rodi,Cargill,F
Haley,Goulden,F
Lorena,Stairs,F
Tyler,Botterill,M
Nial,Ioselevich,M
Pippa,Hallgalley,F
Amandi,Brunelli,F
Belita,Ruggier,F
Bernardo,Balsdon,M
Pace,Ragborne,M
Rosana,Macbeth,F
Zebulon,Erington,M
Itch,Zannotelli,M
Anatol,Glazer,M
Darell,Barrell,F
Dale,Wernher,F
Cristin,Chittock,F
Branden,Tomlin,M
Con,O'Currigan,F
Mireielle,Frawley,F
Sibylle,Jeannon,F
Delmar,Dencs,M
Kincaid,O'Scollain,M
Sullivan,Larwell,M
Tim,Greatrex,F
Dinah,Wilfing,F
Daisey,Abramovicz,F
Hilary,Brainsby,F
Marchall,Dassindale,M
Thadeus,Lukas,M
Clea,Skunes,F
Cosetta,Poxson,F
Gordie,Knappen,M
Perry,Lexa,F
Karil,Jandak,F
Lesli,Davidge,F
Greg,Clewlowe,M
Deeann,Kubica,F
Ricard,Corrin,M
Judas,Habble,M
Arman,Sunner,M
Katrine,Annwyl,F
Erek,Abrami,M
Maurice,Mohring,M
Misty,Gubbins,F
Craggie,Barbera,M
Romeo,Rawsthorne,M
Sherwood,Dalgardno,M
Silvain,Gouley,M
Lonny,Palomba,M
Ashbey,Bernette,M
Renell,Jills,F
Diarmid,Tomasi,M
Pernell,Swyer,M
Dun,Oldale,M
Hugibert,Heam,M
Bayard,Prugel,M
Wynnie,Rainey,F
Hadrian,Salvati,M
Torin,Duley,M
Cosetta,Folomkin,F
Bevin,Skelhorn,M
Oberon,Tracey,M
Henderson,Loadsman,M
Donavon,O'Lagen,M
Seumas,Waddoups,M
Gerrard,Torald,M
Nikoletta,Stoyles,F
Armstrong,Rickets,M
Jemmie,Bernade,F
Caralie,Cherry,F
David,Djurevic,M
Alair,Hundy,M
Ode,Sicily,M
Mariellen,Bickersteth,F
Cicely,Steward,F
Rosie,Lemmens,F
Esme,Barrar,M
Krissie,Matteau,F
Odelle,Taylour,F
Rosa,Putman,F
Oralee,Simenot,F
Melba,Stillgoe,F
Shela,Gricks,F
Gerard,Tilney,M
Iain,Melloy,M
Miran,Schlagman,F
Domenic,Methley,M
Marcos,Menichillo,M
Trina,Whittuck,F
Ximenez,Vose,M
Rip,Scarce,M
Natalee,McFaul,F
Freddie,Jervoise,F
Moria,Tompsett,F
Briny,Climson,F
Aileen,McDuff,F
Tymon,Jumel,M
Bernadene,Mulberry,F
Gordy,Whelpdale,M
Salim,Fibbit,M
Kliment,Smillie,M
Tabbie,Lindenblatt,F
Jenna,Lillow,F
Giraud,Edscer,M
Jsandye,Jaspar,F
Aaren,Booton,F
Dennis,McKeurtan,M
Johny,Kaser,M
Doretta,Spradbery,F
Wang,Haxell,M
Ker,Birch,M
Daphene,Norvel,F
Dougy,De la Feld,M
Kip,Greenstead,M
Jessie,Corbin,M
Ardath,Amber,F
Anatol,Brockton,M
Valencia,Crack,F
Julietta,Puckinghorne,F
Obadias,John,M
Brittany,Wincott,F
Shanta,Gravenor,F
Rance,Paniman,M
Sherlock,Millthorpe,M
Ryley,Graine,M
Miriam,Nurdin,F
Valida,Tubbles,F
Jinny,Backsal,F
Laurena,Lasslett,F
Bradly,Maloney,M
Verile,Helsdon,F
Carroll,Collard,F
Helenka,Castro,F
Derrik,Baldry,M
Ferrel,Hubert,M
Lew,Lillicrop,M
Tana,Gerhts,F
Klaus,Trimble,M
Dee dee,Ridd,F
Casi,Haughey,F
Harper,Spinage,M
Nannie,Scully,F
Haley,Ivel,M
Rufus,Money,M
Rachel,Dominico,F
Katerina,Yglesia,F
Patrica,Jiggle,F
Cherlyn,MacAfee,F
Wesley,Haythorne,M
Krystal,Sandercock,F
Ranee,Chaplain,F
Bessie,Chaffin,F
Cathryn,Esterbrook,F
Antoinette,Drohane,F
Birk,Grotty,M
Bobbie,Gorrissen,M
Annabel,Redshaw,F
Cyril,Grocott,M
Callida,Alderman,F
Fidelio,Hendrichs,M
Celesta,Hebson,F
Dixie,Seage,F
Libbey,Bessent,F
Caye,Beckham,F
Stevy,Schimke,M
Rhea,Fike,F
Neron,Pithcock,M
Basile,Dow,M
Mufinella,Adamo,F
Casandra,Pina,F
Lindi,Dorrity,F
Yvor,Wattisham,M
Mack,Johnstone,M
Elsey,Wallentin,F
Bethany,Lukash,F
Boone,Mattke,M
Leoine,McConway,F
Gene,Olenin,F
Alla,Ruoff,F
Lusa,Geake,F
Rivalee,Thormwell,F
Ches,Larraway,M
Adeline,Mordie,F
Ram,Rignoldes,M
Bradford,Detloff,M
Clemmy,Overington,M
Tracey,Radloff,F
Jonathon,Ebdin,M
Kania,Argyle,F
Gregorius,Hymans,M
Jarred,Beyer,M
Murry,Brickwood,M
Dido,Shrimptone,F
Midge,Heselwood,F
Pat,Gamlyn,M
Kary,Bronot,F
Lucille,Cancott,F
Vanny,Boost,F
Judie,Cobello,F
Elvera,Dunsleve,F
Carl,Behninck,M
Frans,Hambling,M
Monroe,Woolland,M
Augie,Steers,M
Hillery,Glassman,M
Thurstan,Spancock,M
Haily,Writtle,M
Braden,Tremlett,M
Marijo,Face,F
Leia,Cypler,F
Olivero,Leif,M
Marisa,Thwaite,F
Idalia,Anthiftle,F
Pate,Becks,M
Kerrill,Grigorio,F
Cammi,Tinman,F
Rudiger,Pymer,M
Grata,Greenaway,F
Maisie,Layus,F
Orazio,Wagg,M
Margarete,Jiricka,F
Rozele,MacClay,F
Frannie,Bubbear,F
Atlante,Cowoppe,F
Ardys,McCague,F
Roxanna,Doidge,F
Kiley,Cartmel,F
Humfrid,Morando,M
Arlana,Jeffs,F
Mozelle,Lockley,F
Marysa,Collyer,F
Marlon,Hebbs,M
Zorine,Meachem,F
Guinevere,Crocroft,F
Lula,Buckel,F
Didi,Klemke,F
Rochell,Eckersley,F
Gizela,Gillie,F
Veronika,Phil,F
Neville,Goodredge,M
Herta,Barnewell,F
Goraud,Slater,M
Caleb,Prahm,M
Grover,Syrett,M
Sig,Astbury,M
Riannon,Brownhall,F
Zach,Westby,M
Arabele,Dyers,F
Daniel,Leipnik,M
Jacquenetta,Bontine,F
Ingelbert,Bentham,M
Almeta,Holton,F
Emmey,Cranson,F
Cris,Aloshikin,F
Fernande,Pavelka,F
Berne,Humberston,M
Georges,Ruck,M
Chiquia,Badby,F
Annetta,Kimbrough,F
Jordain,Siege,F
Ninette,Bixley,F
Rowney,Sponton,M
Mirella,Kettles,F
Rubin,Adlington,M
Homere,McCorley,M
Obidiah,Bleckly,M
Donna,Genery,F
Gaile,Aherne,M
Jeddy,Coneley,M
Glad,Manifould,F
Creighton,Troker,M
Tiphany,Fausset,F
Clark,Pennycock,M
Tommi,MacMechan,F
Marcello,Airth,M
Monro,Brodley,M
Ernestus,Siaskowski,M
Rawley,Gonzalvo,M
Othella,Lucien,F
Gillan,Tomaszkiewicz,F
Brannon,Ashford,M
Nial,Gildersleeve,M
Lainey,Jedrzej,F
Elwood,Coggill,M
Marlie,Dorre,F
Mateo,Howsin,M
Rice,Carnoghan,M
Kenyon,Neles,M
Hestia,Medendorp,F
Carlen,Comoletti,F
Michaeline,Sitch,F
Skell,Ferrea,M
Lyndel,Webberley,F
Mamie,Kunkler,F
Earle,Bernini,M
Osgood,McDowell,M
Catlee,Archbell,F
Jodie,Cainey,F
Ches,McKinney,M
Drusie,Windas,F
Bobbie,MacCosty,M
Sydel,Rizzolo,F
Gonzales,Alfonsetti,M
Terrijo,Evett,F
Barton,Coltart,M
Claudia,Worral,F
Killie,Janku,M
Gilles,Walkinshaw,M
Lionello,Brailsford,M
Catlin,Dawtrey,F
Calypso,Olyfant,F
Cobb,Plumptre,M
Bamby,Shreeve,F
Blythe,Colledge,F
Filip,Sanchiz,M
Lamond,Coe,M
Cass,Danihel,F
Quintina,Semrad,F
Glen,Farrant,F
Elva,Prowting,F
Ddene,Ferie,F
Row,McCambridge,F
Wini,Greswell,F
Margalit,Llewellin,F
Krispin,Brame,M
Desdemona,Wayvill,F
Nikki,Bolsteridge,F
Jodie,Korbmaker,M
Micki,Kayes,F
Cass,Joannidi,F
Birgitta,Huyche,F
Todd,Sherrett,M
Leicester,Bulfoy,M
Meridel,Flanigan,F
Tallulah,Baudone,F
Esteban,Ramsted,M
Virgilio,Adlam,M
Rich,Linkleter,M
Brnaby,O'Giany,M
Lyndsay,Marczyk,F
Elihu,Kelcher,M
Ludwig,Label,M
Tracie,Girsch,F
Klara,Gellion,F
Rebekah,Churly,F
Dixie,MacKereth,F
Amye,Trevers,F
Christal,Woollends,F
Helga,Pilipyak,F
Diannne,Congram,F
Chase,Josse,M
Calley,Lowdeane,F
Courtney,Creenan,F
Jodi,Finch,F
Meryl,Maynard,M
Klaus,Oldknow,M
Valery,Penzer,F
Elwyn,Arter,M
Sharla,Bachura,F
Bee,Swapp,F
Bradley,Burnie,M
Corenda,Alleyne,F
Blondie,Overil,F
Alfy,Isac,M
Gipsy,Mather,F
Bobbie,Queyos,M
Ferd,Peffer,M
Gretna,Tomasz,F
Mada,Vause,F
Godfrey,Dufton,M
Laney,Mahody,F
Freddi,Kerrigan,F
Chan,Houseley,M
Lenette,Cartmel,F
Dotty,Gosnoll,F
Lorette,Heers,F
Minnaminnie,Prate,F
Kristine,De Mitri,F
Teresa,Giraudat,F
Floyd,Doni,M
Ky,Egger,M
Marylinda,Heberden,F
Clerissa,Cunnane,F
Moselle,Pau,F
Lissy,Riceards,F
Eada,Scopham,F
Nickie,Kurth,M
Hyacinth,Baldelli,F
Jim,Dumper,M
Debbie,Winton,F
Olivero,Egar,M
Franz,Pavlasek,M
Ava,Yakobowitz,F
Beniamino,Goade,M
Lorry,Leeuwerink,F
Maegan,Vickers,F
Egan,Orwin,M
Murielle,Warlton,F
Demetra,Sincock,F
Ebonee,Gough,F
Rheta,Hinze,F
Jack,Tonks,M
Therese,Barnfather,F
Julina,Oliva,F
Gael,Gorges,M
Sherri,Spikeings,F
Seth,Lafayette,M
Rice,Ubsdall,M
Carri,Harley,F
Gabi,Dell Casa,F
Granny,Brasse,M
Madalena,Aslott,F
Kermie,Abraham,M
Ariana,Egger,F
Sheela,Romanini,F
Deloria,Budget,F
Rudy,Murrum,M
Elbertine,O'Neill,F
Norry,Farron,M
Jessie,Nan Carrow,M
Genna,Lapworth,F
Budd,Weiss,M
Reyna,Vial,F
Burnard,Caney,M
Jamey,Ackerley,M
Legra,Doyland,F
Rivi,Rattery,F
Cori,Hastwall,M
Gabi,Liversidge,F
Lester,Brereton,M
Olvan,Hatherell,M
Raimund,Drewitt,M
Jayme,Blunsen,M
Cletus,Spiaggia,M
Noble,Feron,M
Georgine,Fieldhouse,F
Dionne,Pinhorn,F
Paton,Pillifant,M
Keefe,Liffe,M
Imogene,Doidge,F
Joye,Oakenford,F
Kilian,Hindsberg,M
Lizbeth,Shearmur,F
Hanny,Letherbury,F
Alexandro,Uzelli,M
Nelle,Feldmus,F
Denni,Lambal,F
Karalee,Belchambers,F
Gail,O'Longain,M
Wenona,Bealing,F
Casey,Birks,M
Evelina,Shorthouse,F
Haley,Spurriar,M
Morrie,Griniov,M
Dorian,Janssens,M
Algernon,Getty,M
Glenda,Jays,F
Claudette,Craigmile,F
Edgard,Brice,M
Eberhard,Spinas,M
Dickie,Ashborne,M
Randell,Siggery,M
Hermine,Weedenburg,F
Leigha,Rotter,F
Justin,Kettlewell,M
Nigel,Khrishtafovich,M
Joelynn,Cogger,F
Emiline,McLanaghan,F
Otto,Thomlinson,M
Obadiah,Gainfort,M
Babara,Farrear,F
Jason,Harborow,M
Fayette,Marre,F
Debor,Goulbourn,F
Cindee,Barbary,F
Hali,McMurty,F
Nicolea,Mc Curlye,F
Tomasina,Bolf,F
Saw,Martinuzzi,M
Betta,Breed,F
Myer,ducarme,M
Jourdain,Challinor,M
Rebekah,Copnall,F
Duncan,Phlippi,M
Reinaldos,Kettoe,M
Karlis,Motton,M
Glyn,Wynett,F
Esme,Samter,F
Amara,Hearsey,F
Richart,Norway,M
Donnajean,Blaisdell,F
Yardley,McKinley,M
Giacomo,Bridden,M
Brody,Chalfont,M
Lucais,Leverson,M
Godfree,Sawer,M
Athene,Rudinger,F
Kayne,Dabourne,M
Nerty,Bratten,F
Maryl,Breakspear,F
Andrej,Moreinis,M
Constantia,Jarrell,F
Donni,Camm,F
Melba,Baraclough,F
Gail,Ortler,F
Tabatha,Leversuch,F
Samuel,Matula,M
Neysa,Robez,F
Claiborne,Lanaway,M
Cary,Piggrem,M
Jessie,Creffield,F
Merrel,Hendriksen,M
Mari,Hairsine,F
Nelia,Reddell,F
Ardyth,Fallawe,F
Colas,Iori,M
Tresa,Ollis,F
Fielding,Beggi,M
Gray,Hawkin,M
Lorant,Cholton,M
Lyssa,Aleksankin,F
Hortense,Bicker,F
Shela,Scotney,F
Cosette,Izhakov,F
Nathanial,Torbett,M
Aurea,Gregorin,F
Russell,Benger,M
Mariette,Polglaze,F
Bethanne,Rosin,F
Gabbi,Ouver,F
Boyce,Shercliff,M
Lenci,Strong,M
Vernon,Bulcroft,M
Brnaba,Culkin,M
Binnie,Deering,F
Jereme,Pringer,M
Gunter,Niemiec,M
Bobbee,Sprionghall,F
Friederike,Duesberry,F
Bronson,Grigorescu,M
Mady,Vain,F
Aluin,Lenahan,M
Latisha,Spurdens,F
Sarina,Brokenshaw,F
Kylie,Van der Linde,F
Genia,Bushe,F
Kial,Von Brook,F
Gun,Brilleman,M
Billy,Goodyear,F
Didi,Tort,F
Harold,Flegg,M
Erna,Barthel,F
Cinderella,Dilliston,F
Judie,McAdam,F
Phillipe,Kos,M
Rebecca,Splevins,F
Worth,Druitt,M
Henka,Grebner,F
Annis,Gatch,F
Onofredo,Bester,M
Percival,Shergill,M
Martino,Rudolf,M
Rusty,Zoellner,M
Bartholomeo,Itzakovitz,M
Wandie,Hurton,F
Pammie,Brann,F
Ephrayim,Wiggam,M
Ulrica,Boays,F
Marline,Corneljes,F
Brent,Liddington,M
Dirk,Poynton,M
Betteann,Buscombe,F
Adriano,Tawse,M
Vasily,Meriott,M
Rancell,Gresser,M
Atlante,Phelip,F
Millisent,Bilovsky,F
Roman,Fealty,M
Benedicta,Slinger,F
Broderic,Kenneway,M
Maurice,Kopje,M
Fredra,Shercliff,F
Sherri,Bartul,F
Abie,June,M
Umberto,Puvia,M
Alayne,Sitlington,F
Perren,Scorthorne,M
Deb,Hartwright,F
Yorgos,Salkild,M
Andros,Bartlomiejczyk,M
Janetta,Kensall,F
Isis,Sabattier,F
Lilyan,Aumerle,F
Doug,Trobey,M
Octavius,Wurst,M
Murielle,Shipston,F
Jeremias,Alvis,M
Ransom,Beynkn,M
Walden,Sambrok,M
Gilbert,Clackers,M
Abeu,Whitehorne,M
Mona,McGaffey,F
Cally,Machel,F
Ramonda,Grealey,F
Lenee,Wakely,F
Bern,Minocchi,M
Garfield,Windus,M
Nicki,Kneller,F
Fax,Cribbin,M
Kimmi,Hallward,F
Matthus,Milburn,M
Carey,Sorton,M
Cinda,Klambt,F
Lorin,McCourtie,M
Melinda,Saturley,F
Mitchel,Rackham,M
Val,Kingzeth,F
Raquel,Caret,F
Matias,Ligertwood,M
Rosamond,Venediktov,F
Xever,Smorthit,M
Verina,Gewer,F
Inger,Leinweber,F
Delila,Finnan,F
Olivero,Speirs,M
Melisenda,Vannini,F
Corrinne,Colenutt,F
Kipp,Foulis,M
Heda,Renouf,F
Hashim,Sheekey,M
Derron,Oddey,M
Sonnie,Folcarelli,F
Hogan,Doutch,M
Lock,Daveley,M
Lisa,Pele,F
Salem,Schaumaker,M
Morlee,Nesterov,M
Farly,Penn,M
Maryl,Stillgoe,F
Reinaldo,Hubbold,M
Nealson,Bennie,M
Benedick,Beeby,M
Elsa,Meiklem,F
Carolus,Greensides,M
Tamara,Rue,F
Curtice,MacCostigan,M
Cleon,Eliff,M
Henrie,Cheake,F
Janka,Lathbury,F
Yvor,Stodart,M
Adler,Bedminster,M
Archibald,Smale,M
Beaufort,Caldera,M
Nell,Harcombe,F
Rubi,Rohlfing,F
Teodor,Curteis,M
Kendall,Fergusson,M
Dave,Lampe,M
Petunia,Dybell,F
Christie,Marchelli,F
Lloyd,Colvine,M
Bart,Yosifov,M
Raul,De Ruggiero,M
Wenonah,Batrip,F
Clair,Grigoliis,F
Bernardine,Krinks,F
Sigismund,Iacopini,M
Jerad,Druce,M
Victoir,Cathesyed,M
Marna,Ryott,F
Micheil,Burbudge,M
Guinna,Menham,F
Patricio,Cruden,M
Barnett,Maginn,M
Sabine,Hughes,F
Vanessa,Van Cassel,F
Joseph,Ruslin,M
Micheal,von Nassau,M
Holly,Pipet,M
Gayle,McMichan,M
Clarabelle,McMenamin,F
Eadith,Haythornthwaite,F
Gael,Le Claire,F
Andreas,Burberry,M
Johnny,Bilbery,M
Florentia,Seabourne,F
Byrann,Broker,M
Amandie,Pietz,F
Suzette,Hunn,F
Ulrike,Cullinan,F
Cyrill,Cawdron,M
Lura,Olechnowicz,F
Yvonne,Marl,F
Annemarie,Belison,F
Domini,Scogings,F
Lexie,Iianon,F
Paolina,Fydoe,F
Twyla,Gavrieli,F
Tad,Wasteney,M
Kirstyn,Tomkinson,F
Raquela,Romanski,F
Olympia,Claige,F
Elonore,Lintall,F
Salvatore,Freak,M
Benoit,Baggally,M
Roscoe,Jeafferson,M
Christoffer,Bastistini,M
Pen,Dart,M
Gillie,Dowbakin,F
Bondy,Castle,M
Janaya,Hrycek,F
Blakelee,Upson,F
Talia,Lukehurst,F
Dew,Gurys,M
Rachel,Brannan,F
Parke,Tawton,M
Simmonds,Rude,M
Erwin,Toplin,M
Rachel,Aprahamian,F
Elmore,Astill,M
Ortensia,Westhofer,F
Den,Stiegar,M
Clarence,Stidever,M
Kimberlyn,Venn,F
Druci,Skamell,F
Correna,Malcolmson,F
Wandie,Carlucci,F
Kimball,Glasser,M
Xenia,Doddridge,F
Guenna,Bick,F
Bradney,Kaaskooper,M
Rubie,Valenta,F
Myrah,Wadman,F
Caz,Girardini,M
Marge,Clifton,F
Melessa,Bordiss,F
Henrietta,Greir,F
Bartlet,Bending,M
Johann,Brogden,M
Alex,Beyn,M
Clair,Dowey,M
Mina,Attwood,F
Elnora,Garlinge,F
Corbett,Trynor,M
Judd,Le Surf,M
Ethelin,Wallach,F
Cariotta,Jaegar,F
Sharleen,Phlipon,F
Kerianne,Glennard,F
Cristine,Bagnell,F
Cherin,Muzzillo,F
Holt,Hailston,M
Lila,Shepeard,F
Briano,Aronsohn,M
Helenelizabeth,Barrable,F
Hillary,Leidecker,M
Ed,Pavlik,M
Zorana,Houldey,F
Derrick,Wozencroft,M
Odelia,Andriessen,F
Dodi,Jozsa,F
Conan,Kern,M
Lily,Albert,F
Romola,Chessum,F
Giustino,Grimmett,M
Lyle,Estoile,M
Travis,Pugh,M
Ramona,Freke,F
Conni,Keetch,F
Yehudit,Cordingly,M
Indira,Madden,F
Garnet,Beacham,F
Chrystel,Currington,F
Lazare,Figliovanni,M
Hilliard,Alfonzo,M
Kellen,Grandisson,M
Reube,Plume,M
Cairistiona,Rolls,F
Ramsay,Alastair,M
Nettie,Laise,F
Vivianne,Garric,F
Pryce,Begent,M
Taylor,Oller,M
Cy,Cardello,M
Keane,Nisius,M
Bennie,Matussow,M
Robina,Raithmill,F
Celene,Yeskov,F
Yule,O'Crotty,M
Wendeline,Grandin,F
Aloysia,Hatchard,F
Izak,Land,M
Merwin,Dyke,M
Carce,Stidever,M
Alys,Kerry,F
Lonnie,Girkin,F
Loria,Feaks,F
Brant,Postle,M
Malorie,Jemmison,F
Carlin,Huchot,M
Kristian,Bernardez,M
Geoffrey,Randall,M
Krystyna,Labat,F
Robinette,Wearden,F
Henka,Audrey,F
Gus,Fallawe,M
Elston,Inglesfield,M
Jarib,Allmark,M
Marlee,Tie,F
Cilka,Haigh,F
Ruy,Tullis,M
Lynnell,Moakson,F
Claudette,O' Borne,F
Aggy,Oates,F
Carlyle,Eagleton,M
Sidnee,Berardt,M
Red,Thome,M
Lauritz,Beddow,M
Kaylil,Pudding,F
Olin,Wase,M
Cassondra,Ship,F
Kalle,Howatt,M
Albie,Staziker,M
Aigneis,Govern,F
Barbabra,Keays,F
Marla,Endricci,F
Reynolds,Bengtsson,M
Alexandre,Luten,M
Town,Copo,M
Maxie,Offa,F
Giraldo,Juggings,M
Edik,Daniel,M
Hyman,Almey,M
Erroll,Toupe,M
Jamill,Darrel,M
Lotte,Chaudret,F
Dylan,Manna,M
Julio,Aleksahkin,M
Adriane,Genike,F
Valina,Nottle,F
Rossie,Von Der Empten,M
Kaine,Senett,M
Cletus,Huc,M
Jeromy,Hinge,M
Alane,Repper,F
Dewey,Volet,M
Ambur,Maymand,F
Celie,Kelledy,F
Andromache,Riggs,F
Holden,Cullotey,M
Wiley,Wanden,M
Devora,Devons,F
Colette,Plume,F
Adamo,Toseland,M
Gilligan,Philippault,F
Josh,Kaplin,M
Zachariah,Battle,M
Erastus,Cunnah,M
Pyotr,Dimbylow,M
Hermann,Coode,M
Ignacio,Kersley,M
Pierson,Maskell,M
Diena,Riepl,F
Lexy,Sarson,F
Miranda,Croote,F
Cord,Adelsberg,M
Emile,Webby,M
Juliane,Alexandersson,F
Tobye,Gainsburgh,F
Basilio,Orrock,M
Francene,Farebrother,F
Roley,Dummer,M
Kalil,Meran,M
Kerwinn,Hawthorn,M
Janenna,Halvorsen,F
Thatcher,Varndall,M
Karita,Halpine,F
Pru,Gatesman,F
Skipper,Ladd,M
Aleece,Blondelle,F
Viviana,Winham,F
Maiga,Dedham,F
Karlens,Prime,M
Jeth,Leon,M
Georgina,Orviss,F
Ray,Tumasian,M
Steve,Grasser,M
Abby,Morrell,F
Cher,Paniman,F
Traci,Earngy,F
Kinna,Trighton,F
Yvor,Sapauton,M
Norine,Coatham,F
Orv,Ketteman,M
Corby,Badrock,M
Neel,Duce,M
Erwin,Kordt,M
Ferris,Gillian,M
Adrea,Kwietak,F
Lawton,Baiyle,M
Natividad,Mion,F
Reilly,Osgordby,M
Tab,Yoodall,M
Izaak,Daintry,M
Timothee,Dalrymple,M
Mirabella,Papa,F
Axe,Woodard,M
Rube,Reynoldson,M
Reese,Feldhammer,M
Rusty,Minger,M
Jo ann,Pollastrone,F
Devinne,Jiri,F
Carry,Cready,F
Giacomo,Glidder,M
Brady,Cotsford,M
Brant,Lezemere,M
Beverley,Oliffe,F
Aleta,Boltwood,F
Dre,Glamart,F
Filippo,Slocom,M
Berthe,Woolam,F
Sheffield,Eisenberg,M
Brietta,Beedle,F
Jewelle,Tilzey,F
Red,McAllan,M
Mel,Oxx,F
Susanna,Feldbrin,F
Latia,Guirau,F
Conrad,Inch,M
Bil,Jeffryes,M
Noreen,Lechmere,F
Maximo,Weall,M
Kym,Mearing,F
Thaine,Ogden,M
Eldredge,Andries,M
Cash,Vogele,M
Morlee,Oguz,M
Shane,Gabriely,F
Glyn,Muscott,M
Cordi,Nayer,F
Brendis,Egdale,M
Isidora,McGaughey,F
Itch,Wallbutton,M
Gertrud,Dederich,F
Aveline,Jehan,F
Caesar,Womack,M
Weidar,Spurgin,M
Brianne,Stillgoe,F
Waylin,Mease,M
Cecilia,Moncreif,F
Charo,MacKaig,F
Alec,Jelphs,M
Thoma,Menier,M
Wyatan,Bourne,M
Lorelei,Antonescu,F
Loydie,Dunstan,M
Johnna,Vanstone,F
Madelyn,Betteridge,F
Jobina,Petrelli,F
Joshia,Vowell,M
Newton,Trevallion,M
Jessie,Pestor,M
Athene,Poulter,F
Vilhelmina,Heddan,F
Tate,Whipple,F
Virgina,Noddle,F
Guillermo,Attwool,M
Janean,Yakovl,F
Silvan,Goulden,M
Launce,Josephs,M
Bertha,Dosdell,F
Karlotte,Dunstan,F
Cyrill,Castella,M
Wilmer,Streets,M
Sarena,June,F
Basilius,O' Bee,M
Lincoln,Canaan,M
Lind,Lomaz,M
Avigdor,Dreger,M
Morgan,McTerlagh,M
Maryjo,Brayley,F
Lionello,Blennerhassett,M
Morley,Witnall,M
Kassia,Jansson,F
Stefano,Stanwix,M
Abner,Tampion,M
Sandra,Deetlof,F
Arielle,Fookes,F
Tailor,Cristofano,M
Ashley,Bard,M
Anders,Clubb,M
Jeramey,Carradice,M
Gilles,Edling,M
Noel,Bugdell,M
Maisie,Matschek,F
Bobby,Sicely,M
Rustin,Besse,M
Jori,Fanton,F
Honor,Muncie,F
Gretchen,Kolis,F
Zollie,McGrudder,M
Edgardo,Vesque,M
Nelia,Sacase,F
Al,Castaneda,M
Edythe,Cawsby,F
Kelley,McCathy,F
Durant,Pettett,M
Kaleena,Cadman,F
Blanca,Yorke,F
Willi,Didsbury,F
Agnola,Penman,F
Gunther,Elphinstone,M
Hynda,Arrol,F
Valerie,Izsak,F
Trevar,Bennitt,M
Lenard,Service,M
Christean,Gonnelly,F
Flint,Beamont,M
Hedwiga,Repper,F
Brnaba,Dory,M
Lombard,Argont,M
Felicio,Drinkale,M
Corabella,Tippler,F
Candis,Ingle,F
Amii,Manclark,F
Raoul,Garbutt,M
Alis,Klehyn,F
Ora,Filippozzi,F
Reggie,Goadbie,M
Ciel,Bartak,F
Pamela,Alldred,F
Maximilianus,Pencott,M
Derrek,Janowski,M
Orlan,Nancekivell,M
Danyelle,Savaage,F
Izabel,Deshorts,F
Mada,Glowacki,F
Carroll,Beggio,M
Nicola,Hanselmann,F
Elsworth,Heckner,M
Noll,Geoghegan,M
Byron,Sapey,M
Evangelia,Trigg,F
Candy,Carradice,F
Guss,Gregg,M
Chevalier,Lammers,M
Sukey,Garwood,F
Horton,Atterbury,M
Johannah,Ruddin,F
Jodi,Durber,M
Cornell,Goranov,M
Ole,Aikett,M
Dollie,Juszkiewicz,F
Thorn,Goodlake,M
Salaidh,Margetson,F
Jim,Caustic,M
Florentia,Menelaws,F
Emalia,Castagne,F
Gerri,Harrinson,M
Israel,Aspy,M
Gare,Durtnel,M
Dilly,Brine,M
Andras,Prandi,M
Felicia,Lewry,F
Thornton,Mathews,M
Felicity,Skipper,F
Cinderella,McDoual,F
Xaviera,Paull,F
Addy,Predohl,F
Mae,Patient,F
Che,Sitch,M
Cristine,Faithfull,F
Abbott,Pickerin,M
Brier,Hartell,F
Jaymie,Bloan,M
Lucy,Panas,F
Thomas,Merring,M
Thomasina,Mabbs,F
Bryon,Escofier,M
Jobye,Conws,F
Angel,Brugsma,F
Alfred,Fayer,M
Mil,Lummus,F
Allister,Gorthy,M
Dugald,Bastian,M
Moritz,Fawdry,M
Wood,Densie,M
Aron,Lufkin,M
Parsifal,Cansdill,M
Valerie,Dingsdale,F
Florrie,Jurkowski,F
Sada,Mary,F
Vi,Lindsley,F
Gill,Baike,M
Gibby,Barreau,M
Gianina,Olsen,F
Ingmar,Oxton,M
Hanny,Cuel,F
Padraic,Halpin,M
Hyacinth,Nevet,F
Devora,Firebrace,F
Lodovico,Kersting,M
Thacher,Prantoni,M
Claudius,Haffard,M
Ninnette,Spray,F
Tamara,Paulon,F
Pippo,MacDearmid,M
Miguel,Saggs,M
Romona,Labbey,F
Kelsy,Palfreman,F
Nappie,Ripper,M
Alameda,Brounfield,F
Bonnee,Pahlsson,F
Jannel,Fridd,F
Tanner,Rawood,M
Oralee,Lubbock,F
Meridel,Sprowle,F
Celestia,Cornely,F
My,Burnhard,M
Gustie,Oldershaw,F
Corry,Broxton,F
Cord,Torricina,M
Ardella,Kline,F
Pace,Brunstan,M
Lucas,Sibson,M
Goddart,Moat,M
Pavla,Thunder,F
Charlean,Quittonden,F
Chucho,Delhanty,M
Glenna,Delcastel,F
Halley,O'Loinn,F
Jermaine,Bartosch,M
Muffin,Angrock,F
Anallise,Santoro,F
Jenelle,Gook,F
Hadleigh,Frayne,M
Gaultiero,Berrie,M
Faina,Pignon,F
Leslie,Cobb,F
Granville,Charlton,M
Isaac,Risley,M
Efrem,Parlor,M
Evangelin,Sturch,F
Alaine,Scutchings,F
Rusty,Caldeyroux,M
Madella,Crawley,F
Dorise,Yven,F
Barr,Anscott,M
Aidan,Coursor,F
Sigismond,Purvis,M
Rayna,Innocenti,F
Dal,Rowett,M
Gardner,Greveson,M
Nisse,Shepton,F
Amargo,Wapples,F
Waverley,Goly,M
Alexandrina,Nunn,F
Lindsy,Cadden,F
Gram,Mattacks,M
Gifford,Aronstein,M
Maia,Bensusan,F
Leone,Dagnall,F
Mohammed,Piell,M
Goddard,Busk,M
Matteo,Bax,M
Aylmer,Stonuary,M
Jarrid,Knutsen,M
Dannel,Maffei,M
Estella,Buckeridge,F
Yolanthe,Broxton,F
Paxton,Tudor,M
Sherill,Brinkman,F
Torin,Cains,M
Shellysheldon,Neesham,M
Petronella,Kieran,F
Cirillo,Pampling,M
Ingaberg,Rosekilly,F
Gerrie,McClenan,F
Jannel,Tabor,F
Vaughn,Tithecott,M
Trevor,Sapir,M
Rex,Le Houx,M
Ibby,Moan,F
Ware,Sherme,M
Sherri,Tsar,F
Elwood,Fee,M
Carl,Buterton,M
Otho,Sporner,M
Alisha,Ridpath,F
Terrel,Bernardi,M
Onida,Drexel,F
Carole,Pennetta,F
Vincenty,Blacklidge,M
Verge,Chauvey,M
Kylila,Yanshonok,F
Karole,Thumnel,F
Aylmer,Sharkey,M
Sal,Klossmann,M
Ozzy,Whitney,M
Westleigh,Vlasov,M
Whitby,Conerding,M
Romy,Wonfor,F
Butch,Oxtoby,M
Izaak,Canham,M
Zandra,Davenell,F
Roosevelt,Ginnety,M
Mitchell,Bresson,M
Nydia,Ferrelli,F
Davida,Ockendon,F
Dev,Beardmore,M
Luis,Jellico,M
King,Linacre,M
Lannie,Hurch,M
Rebecca,Everest,F
Bing,Luckcock,M
Kris,Gregon,F
Burt,Berre,M
Isaac,Chandler,M
Avie,Chmarny,F
Dee dee,Blasiak,F
Saxon,Caso,M
Elnore,Polye,F
Aldwin,Darkins,M
Jacquette,Keen,F
Marrilee,McGrouther,F
Ritchie,Thies,M
Arny,Hessel,M
Marsh,Squibe,M
Chet,Beininck,M
Merrielle,Dibling,F
Kaia,Boughen,F
Kerr,Pomphrett,M
Siouxie,Heber,F
Emlynn,Trusty,F
Jobye,Dmitrichenko,F
Ginnifer,Hallick,F
Lyssa,Fewell,F
Cynthea,Bernardotte,F
Emmye,Dominguez,F
Florina,Bail,F
Bevon,MacKaile,M
Constance,Kroon,F
Farra,Quilligan,F
Dallon,Vazquez,M
Rabbi,Cuddehy,M
Mella,Borlease,F
Nancie,Behnecken,F
Nigel,Patriche,M
Wittie,Ruddock,M
Wye,Danieli,M
Jeff,Chaucer,M
Tomi,Weins,F
Alisha,Clifton,F
Jerri,Kitchingman,M
Monte,Scamaden,M
Diannne,Bittlestone,F
Clerc,Frayling,M
Ephrayim,Lucas,M
Quint,Rimmer,M
Lorrin,Hattoe,F
Marjory,Docwra,F
Sherm,BoHlingolsen,M
Grissel,Hawker,F
Bobby,Fielders,M
Maximilien,Kingswood,M
Eloisa,Kimbley,F
Ortensia,Verrier,F
Ray,Sumnall,M
Conrade,Budgett,M
Sibella,Vreiberg,F
Cairistiona,Scothorne,F
Lowrance,Crapper,M
Alexandr,Thormann,M
Giovanna,Crafts,F
Franzen,Burchell,M
Daune,Nannetti,F
Tilda,Geleman,F
Lazaro,Neve,M
Dougie,Shirt,M
Silvanus,Flitcroft,M
Wilone,Spare,F
Kelby,Wyrall,M
Reeba,Kynson,F
Clemmie,Bengle,M
Benoit,Riches,M
Ardath,Brookes,F
Jasun,Simonetti,M
Sisely,Filipiak,F
Dwight,Howitt,M
Dominick,Zouch,M
Shamus,Tweedle,M
Dulsea,Ramsier,F
Howey,Sadry,M
Demott,Laurens,M
Skip,Czapla,M
Angie,Gott,M
Javier,Grimsdyke,M
Klaus,Lardner,M
Marv,Genn,M
Blane,Frew,M
Richard,Pykerman,M
Howie,Hiddsley,M
Fidelity,Kleingrub,F
Alida,Furmston,F
Derron,Valois,M
Isabelle,Marsie,F
Evaleen,Jarmain,F
Broderic,Gainsburgh,M
Dorothea,Polleye,F
Tressa,Warlock,F
Dietrich,Spering,M
Saudra,McCurley,F
Pincas,Scard,M
Hussein,Fahrenbacher,M
Marlon,Du Barry,M
Nicolina,Blackwell,F
Winfield,Sexten,M
Ruthi,Amori,F
Blane,Humberston,M
Babette,Liptrod,F
Adelind,Ortet,F
Rusty,Warden,M
Damara,Salasar,F
Kennith,Houchen,M
Colline,Emes,F
Cullan,Backhouse,M
Barny,Lomaz,M
Miltie,Darwin,M
Octavia,McPhater,F
Gregoire,Belton,M
Cristal,Kemwall,F
Gothart,Dillingston,M
Valentino,Pieroni,M
Arabella,Tittershill,F
Sigmund,Bartot,M
Federica,Burder,F
Korie,Petrollo,F
Storm,Pardi,F
Trent,Pobjay,M
Lelia,Daenen,F
Meade,Yarrington,F
Noreen,Vispo,F
Esme,Whelband,F
Tracy,Gerriet,F
Bibi,Spacie,F
Josey,Gabbitus,F
Debby,Hurlestone,F
Zola,Lehr,F
Jarret,Westfalen,M
Hashim,Chapman,M
Oliy,Bunstone,F